attendance,day_night,temp,wind_speed,duration,away_errors,away_hits,home_errors,home_hits,total_runs,home_win
54449,0,89,7,4.267,0,13,1,9,12,0
54449,0,89,4,3.967,2,13,4,6,12,0
54269,0,72,4,3.3,0,4,0,10,6,1
53901,1,84,5,4.2,0,9,1,6,11,0
53621,0,77,6,3.6,1,11,0,9,2,0
53449,0,76,6,2.75,3,5,1,9,10,1
53409,0,76,7,3.533,0,8,0,5,7,0
53299,0,80,8,3.067,3,6,0,13,15,1
53297,0,72,8,3.033,0,8,1,1,4,0
53279,1,72,3,3,0,9,1,9,6,0
52728,0,72,7,2.817,0,10,2,3,9,0
52320,0,72,4,3.65,0,8,2,8,7,1
51962,1,95,4,3.55,1,8,0,12,7,1
51350,0,68,10,3,0,7,0,6,7,0
51220,1,80,8,2.783,1,5,0,6,1,1
50966,0,80,7,3.4,1,9,0,10,16,1
50640,1,79,7,3.383,3,6,0,9,13,1
50247,0,87,11,3.3,1,10,1,3,10,0
49934,0,63,18,3.417,0,4,0,9,7,1
49686,0,63,6,3.017,0,9,1,6,6,0
49617,1,70,6,3.733,0,8,0,7,11,1
49555,0,68,0,3.35,1,4,0,10,13,1
49540,0,82,6,3.4,0,10,0,8,6,0
49522,1,73,6,3.133,0,8,1,6,5,1
49507,0,68,0,3.383,0,7,0,7,6,0
49360,1,62,6,3.8,0,18,0,9,19,0
49289,1,83,4,2.633,2,4,1,1,5,1
49271,1,70,6,2.117,1,3,0,3,1,1
49142,1,68,0,3.017,1,2,0,9,6,1
48911,0,73,5,3.533,1,6,1,13,6,0
48911,0,80,11,2.7,0,5,0,6,4,1
48871,0,68,0,3.4,0,11,1,9,15,0
48800,1,68,0,2.617,0,6,1,6,3,0
48609,0,68,7,3.633,1,9,0,9,10,0
48459,0,67,5,2.75,1,5,2,6,8,1
48411,1,82,6,2.75,2,3,0,9,7,1
48370,0,74,5,2.833,0,8,1,11,13,1
48344,0,70,4,2.933,0,7,1,9,11,1
48339,0,77,14,3.033,1,10,2,9,14,1
48329,1,88,5,2.933,0,10,2,5,7,0
48282,1,75,11,3.383,0,8,2,4,7,0
48165,0,90,5,4.183,0,15,0,12,15,0
48154,1,71,6,3.617,3,15,2,13,19,1
48153,0,77,7,2.767,0,6,0,9,5,0
48113,0,76,5,3.083,0,15,2,5,11,0
48105,0,94,7,2.75,0,13,1,10,11,1
48019,1,67,10,3.5,0,6,0,13,8,0
47950,1,72,6,3.283,1,12,0,14,18,1
47916,1,75,7,4.117,0,9,0,10,8,0
47896,1,60,10,3.317,1,8,0,9,7,1
47841,0,87,8,3.4,0,7,2,8,7,1
47829,1,75,2,3.05,1,4,1,6,5,1
47828,1,63,8,2.567,0,3,0,6,3,1
47822,1,53,10,3.15,0,6,1,11,10,1
47820,1,36,18,3.283,0,6,1,4,8,0
47816,1,70,11,3.767,2,11,1,8,19,0
47791,0,68,0,2.583,0,9,0,3,4,0
47747,1,79,7,2.817,0,6,0,14,7,1
47696,1,79,4,2.9,0,5,0,11,3,1
47684,1,76,18,2.783,2,7,1,6,5,0
47651,1,82,21,3.083,0,12,2,13,17,1
47608,1,50,13,3,1,6,0,19,11,1
47590,0,72,8,2.583,0,4,0,9,6,1
47559,0,88,12,3.5,2,7,0,11,13,1
47517,1,89,13,3.3,0,19,0,8,19,0
47505,1,68,0,2.583,0,7,0,7,6,1
47488,1,73,15,2.35,0,1,0,4,2,1
47485,1,74,7,3.1,1,11,0,10,15,1
47474,1,82,19,2.933,0,9,0,4,5,0
47444,1,77,5,3,1,10,1,13,15,1
47439,0,87,8,3.083,0,8,0,4,8,0
47438,0,73,6,2.95,0,7,0,12,6,0
47434,1,90,12,2.967,0,13,1,4,11,0
47378,0,72,9,3.2,0,8,0,9,12,1
47305,1,73,17,2.867,0,5,0,10,10,1
47301,1,76,4,2.7,0,6,2,6,12,0
47261,1,77,8,2.983,2,7,2,11,11,1
47249,1,67,18,3.183,1,13,0,14,19,1
47156,1,68,0,2.467,0,7,2,9,8,0
47138,1,68,0,2.8,1,11,1,7,12,0
47126,0,75,7,3.45,0,5,1,6,4,1
47125,0,95,11,2.683,0,5,0,8,3,1
47115,0,71,10,3.017,0,10,1,9,11,1
47066,1,59,7,2.717,2,7,0,14,14,1
47065,0,67,6,2.917,2,9,2,4,5,0
47016,0,68,0,3.1,2,3,1,13,9,1
46967,1,71,11,2.9,0,8,1,5,7,1
46960,0,78,6,2.917,2,6,1,5,5,1
46953,0,77,3,3.383,1,18,2,9,16,0
46950,0,87,11,3.133,0,7,2,9,7,1
46899,0,75,6,3.6,0,9,0,14,14,1
46811,0,91,10,3.8,0,9,0,16,15,0
46792,1,68,0,3.783,0,8,0,6,8,0
46737,0,89,18,2.683,0,9,0,4,3,0
46727,1,93,8,4.417,2,9,0,9,3,0
46716,0,67,7,3.017,4,9,1,11,12,1
46696,0,74,18,2.633,0,8,0,10,9,1
46665,1,68,0,3.167,1,8,1,5,6,0
46608,0,72,8,3.183,1,5,0,10,7,1
46470,0,68,5,2.883,0,7,1,11,12,1
46459,0,77,6,2.85,0,4,0,8,9,1
46441,1,76,2,3.15,0,7,1,9,11,1
46366,0,77,8,2.7,0,7,0,5,6,1
46335,0,83,6,3.717,1,15,2,15,23,1
46334,1,68,0,2.633,1,7,0,13,12,1
46330,0,82,13,2.817,0,12,1,7,8,0
46300,1,68,0,2.733,0,5,0,11,9,1
46283,0,81,1,3.3,1,8,0,12,9,1
46273,0,68,0,3.1,1,11,0,7,9,0
46268,1,78,11,2.733,1,8,2,7,7,1
46206,1,86,5,3,4,7,0,14,15,1
46197,1,76,11,3.317,1,10,0,12,15,1
46195,0,86,18,3.033,0,9,1,7,12,1
46158,1,68,0,2.45,1,7,0,7,3,1
46112,0,76,2,2.75,1,7,2,7,11,1
46025,1,90,9,3.367,0,11,1,11,13,0
45983,0,73,3,3.05,1,7,1,12,12,1
45962,1,68,8,3.167,2,5,0,18,18,1
45931,1,99,7,2.733,1,6,0,8,3,1
45825,1,68,0,6.217,0,15,2,11,3,0
45785,1,58,6,2.8,0,7,0,10,5,1
45756,0,50,17,3.167,0,13,0,6,5,1
45740,0,65,6,3.1,0,9,0,4,7,0
45618,0,70,2,3.017,1,10,0,10,14,1
45565,1,74,9,3.633,1,10,1,13,17,0
45515,0,76,10,3.967,1,10,0,8,13,1
45501,0,84,10,3.017,2,5,0,9,7,1
45477,0,94,6,2.933,1,13,1,6,9,0
45468,0,84,9,3.35,0,15,2,11,18,0
45453,0,78,4,2.65,0,6,1,12,11,1
45440,0,75,13,2.65,1,6,0,8,6,1
45432,0,75,15,2.533,0,9,1,5,5,0
45373,0,72,9,3.283,0,9,1,6,5,0
45304,0,92,14,3.283,4,9,1,8,5,1
45246,0,63,12,2.767,1,7,0,10,9,0
45229,1,66,17,2.85,0,6,0,8,7,0
45117,1,76,9,2.883,1,8,1,10,8,1
45049,1,38,11,2.733,0,3,0,13,4,1
45008,0,79,5,2.8,1,9,0,5,7,1
45007,0,66,9,3.1,0,6,0,11,11,1
44998,0,75,7,3.617,1,12,0,8,5,1
44997,0,72,8,2.517,3,7,0,13,17,1
44956,0,72,6,3.117,1,9,0,8,9,1
44954,0,61,17,2.85,1,8,0,7,5,0
44944,0,89,10,2.95,1,7,1,10,7,1
44907,0,78,14,3.083,1,6,1,10,9,1
44897,1,90,8,2.967,1,10,1,10,9,0
44855,0,66,8,2.35,0,4,0,3,4,1
44840,0,78,9,4.467,0,14,3,10,5,0
44840,0,86,8,2.65,0,3,0,8,5,1
44812,1,65,1,2.517,0,5,1,7,4,1
44808,0,77,5,2.983,3,7,0,8,8,1
44802,0,79,8,2.833,0,7,3,3,6,0
44762,0,69,20,2.65,1,8,0,9,6,1
44759,0,73,8,2.75,0,10,1,2,6,0
44747,0,62,3,3.183,0,5,0,4,3,0
44745,1,81,6,3.133,2,4,0,4,1,1
44712,0,96,8,2.833,0,7,0,7,5,1
44703,1,77,1,2.55,1,4,0,5,3,0
44701,1,83,5,2.617,0,12,0,3,7,0
44668,0,67,22,3.067,2,11,0,6,5,0
44643,0,83,0,2.933,1,6,0,8,7,1
44615,1,71,6,3.2,2,9,0,12,14,1
44613,1,85,7,2.783,1,8,1,7,8,1
44588,0,73,12,3.167,1,15,2,7,15,0
44532,0,68,0,3.367,1,11,2,6,12,0
44466,1,62,6,3.15,0,6,1,8,11,1
44439,0,72,5,2.9,1,4,0,10,7,1
44425,1,75,13,3.2,2,15,0,10,17,0
44404,0,76,11,3.35,0,17,0,9,10,0
44375,1,90,7,3.083,1,9,1,7,7,0
44352,0,74,6,3.083,0,7,1,4,4,1
44318,1,65,0,3.583,0,15,1,8,15,0
44317,0,81,4,3.45,2,10,2,9,14,0
44317,1,72,12,3.167,0,17,2,4,15,0
44244,0,65,6,3.2,3,5,0,7,4,1
44183,0,71,7,3.3,2,10,0,8,14,0
44129,0,80,8,2.85,0,8,1,4,6,0
44112,0,81,5,3.467,0,11,0,14,16,1
44099,1,47,21,3.15,1,8,1,9,9,1
44064,0,85,11,2.383,0,6,0,3,1,0
44060,0,82,6,2.85,0,4,0,7,6,1
44020,0,75,6,3.133,0,11,1,3,9,0
44009,0,62,7,2.85,1,9,0,8,8,0
44006,0,68,9,3.2,2,8,0,12,9,1
43957,0,73,4,2.783,0,6,0,5,1,1
43950,0,53,8,3.783,2,12,0,11,13,1
43936,0,67,11,4.533,0,8,0,7,7,0
43934,0,93,20,3.617,0,18,0,4,11,0
43926,1,81,2,2.9,0,11,0,4,9,0
43915,0,72,7,3.767,1,8,0,9,7,0
43856,1,64,2,2.567,1,6,1,8,7,1
43841,0,70,5,3.333,0,5,0,7,3,0
43829,1,80,9,2.733,0,13,1,6,9,0
43826,1,62,8,3.917,0,8,0,9,7,1
43812,0,79,5,3.217,0,9,0,12,12,1
43776,0,75,6,3.583,1,11,0,9,7,1
43690,1,68,13,2.983,0,7,1,12,14,1
43683,0,69,6,3.267,0,9,0,12,20,1
43683,1,50,16,2.933,2,6,0,6,8,1
43662,1,81,11,2.85,0,10,2,6,9,0
43644,0,73,9,2.883,0,3,0,9,5,1
43588,0,75,7,3.75,2,14,1,14,16,1
43576,1,90,6,3.117,1,8,1,5,4,0
43571,0,58,13,5.067,2,10,1,13,11,1
43560,0,74,5,3.183,1,8,0,5,6,0
43468,1,90,6,3.65,0,16,2,7,14,0
43462,0,77,9,3.05,0,8,1,9,11,1
43444,0,65,7,2.467,0,5,0,7,6,1
43435,0,77,2,2.967,0,3,1,6,3,1
43397,0,75,7,2.283,0,7,1,1,5,0
43332,0,73,0,2.983,0,11,0,14,10,1
43328,1,67,11,3.2,0,7,0,11,7,1
43310,1,90,10,4.133,0,11,2,8,11,0
43301,0,69,7,3.767,2,15,1,11,18,0
43288,1,91,7,3.233,0,8,0,10,5,1
43228,0,68,0,3.117,0,7,0,13,6,1
43166,0,63,11,3.417,0,6,2,11,11,0
43150,0,82,12,3.1,0,6,0,8,7,1
43134,0,77,6,2.933,0,15,2,6,11,0
43114,1,94,7,2.75,3,13,0,5,10,0
43100,1,68,10,5.783,1,16,0,9,14,0
43093,0,76,6,2.9,1,8,0,7,6,0
43093,1,69,10,2.667,1,5,0,9,8,1
43070,0,64,5,2.7,2,5,0,7,7,1
43046,1,93,12,3.05,1,13,0,4,9,0
42987,0,80,7,2.783,2,4,2,11,8,1
42960,1,84,2,2.95,1,11,0,9,9,0
42933,1,68,8,2.783,0,11,0,6,7,0
42884,0,87,6,2.95,1,3,1,11,4,1
42859,0,75,8,3.283,0,9,0,13,12,1
42819,0,75,8,2.65,2,6,0,10,8,1
42801,1,83,7,2.817,0,3,0,10,4,1
42723,1,69,7,3.033,1,6,3,8,7,0
42693,0,77,5,3.35,0,9,1,12,12,0
42651,0,90,13,2.85,0,9,3,6,8,1
42647,0,82,4,2.567,1,9,1,5,7,1
42618,0,65,7,2.9,1,6,1,7,2,1
42534,0,84,14,3.183,2,9,1,15,23,1
42525,0,89,7,2.3,0,9,1,5,7,0
42519,0,64,7,2.183,3,2,0,5,1,1
42514,0,68,5,2.2,1,4,0,13,6,1
42476,1,86,5,2.867,0,9,1,5,5,0
42457,0,71,4,2.817,0,4,0,11,7,1
42441,1,77,6,3.45,0,14,0,10,15,0
42421,0,83,4,2.467,0,3,0,2,1,1
42421,0,79,5,3.433,1,17,0,12,20,0
42392,0,59,6,3.05,1,6,3,9,7,1
42386,0,61,5,2.6,1,2,1,7,5,1
42384,0,70,6,2.75,1,3,0,2,1,0
42380,1,88,10,3.717,2,3,2,17,17,1
42376,0,72,14,3.617,0,9,0,9,12,1
42338,1,84,14,3.383,0,11,1,9,10,1
42335,0,86,7,3.6,0,7,2,12,8,0
42315,0,71,7,2.717,0,6,0,7,3,1
42307,0,78,6,2.733,0,11,0,7,5,1
42307,1,74,5,3.417,1,17,2,8,11,0
42304,0,68,0,2.883,0,10,0,5,7,1
42287,0,74,17,3.083,0,9,2,5,6,0
42278,0,63,6,3.133,3,3,0,11,10,1
42272,0,73,0,3.117,0,13,0,9,5,0
42243,0,86,8,3.117,1,8,2,4,7,0
42239,1,92,5,2.717,0,9,2,8,11,0
42238,0,66,19,3.35,2,10,0,9,9,1
42227,0,84,10,3.2,0,14,0,3,10,0
42207,0,76,7,3.15,0,9,3,6,9,0
42186,0,62,6,3.133,2,8,1,6,6,0
42179,0,72,12,3.15,1,10,0,6,5,0
42159,0,74,6,3.25,0,10,0,8,5,0
42148,0,58,10,2.5,0,6,0,3,1,1
42147,0,61,14,3.083,0,9,1,7,12,0
42144,1,74,8,2.7,0,6,0,6,6,1
42141,1,74,11,2.817,0,8,0,8,8,1
42139,0,75,5,3.367,0,8,0,4,3,0
42131,1,70,8,3.2,0,10,1,8,9,0
42125,0,76,7,3.783,0,7,1,11,11,0
42099,0,59,13,2.617,1,2,0,5,1,1
42093,0,79,5,2.65,1,5,1,3,5,0
42079,1,70,9,2.383,0,6,1,4,3,0
42076,0,59,15,2.517,0,5,0,9,6,1
42075,0,68,17,2.9,0,1,1,11,4,1
42066,1,82,12,3,0,12,1,6,6,0
42038,0,62,0,3.483,0,13,1,11,16,0
42034,0,84,11,3.4,0,13,1,10,13,0
42031,0,77,9,2.65,2,5,0,9,7,1
42008,0,95,10,2.933,0,9,0,8,5,0
42001,0,58,13,3.467,1,11,0,5,6,0
42000,1,80,8,4.283,0,11,0,9,9,1
41979,1,55,16,3.6,2,12,0,10,12,1
41959,0,61,12,3.25,0,8,0,9,5,0
41955,0,80,5,3.05,0,7,0,5,7,0
41940,1,67,9,3.117,1,13,0,17,18,1
41928,0,63,14,2.783,1,6,1,6,5,0
41915,0,86,2,5.167,1,14,0,8,7,1
41901,1,83,8,2.55,0,7,1,9,6,1
41896,0,65,12,3.333,2,11,1,13,16,1
41886,0,60,14,2.767,0,8,1,13,9,1
41874,1,64,11,2.933,1,6,0,5,4,1
41869,0,60,8,2.45,0,7,1,3,6,0
41854,1,73,0,2.9,1,2,1,5,3,1
41850,0,64,13,3.45,1,12,0,12,13,0
41850,1,76,5,2.9,0,11,1,10,6,0
41838,0,77,17,2.7,0,3,0,9,6,0
41836,1,77,6,2.867,0,4,0,7,5,1
41820,0,72,9,3.2,0,4,0,11,12,1
41818,1,61,16,2.65,0,5,1,7,4,1
41811,1,61,20,2.933,4,8,0,16,11,1
41795,1,64,10,3.2,2,3,0,10,4,1
41772,0,59,13,2.85,1,9,1,9,10,1
41765,0,65,6,2.217,0,3,0,8,5,1
41760,0,58,18,3.15,0,8,1,14,9,1
41753,0,58,19,3.567,1,13,0,6,10,0
41750,0,59,20,3.35,0,4,0,12,5,1
41750,0,57,20,3.183,0,11,0,6,9,0
41743,1,63,12,3.483,0,8,0,8,8,1
41742,0,60,8,2.967,0,9,0,2,5,1
41730,0,59,16,3.883,0,12,1,18,24,0
41711,0,50,10,3.45,1,6,0,7,5,1
41706,0,59,7,3.267,0,10,2,7,9,0
41703,0,62,14,3.55,1,8,0,5,1,0
41702,1,54,5,2.65,1,7,0,8,8,1
41682,1,95,9,2.667,0,6,0,11,12,1
41678,1,58,7,2.633,0,5,1,3,2,0
41675,1,68,6,3.217,0,6,0,18,17,1
41660,0,64,9,3.317,2,7,1,15,18,1
41656,1,58,10,3.117,0,10,0,12,15,1
41650,1,61,11,3.533,1,13,1,6,10,0
41635,0,60,15,2.75,0,5,1,3,3,1
41635,0,64,13,2.567,0,7,0,5,4,0
41616,0,70,4,2.917,0,6,0,7,7,0
41607,0,87,7,2.867,1,4,0,6,5,0
41597,0,62,8,3.283,0,4,0,8,6,1
41596,1,73,15,3,0,10,0,5,5,0
41593,1,62,10,2.917,0,9,0,6,2,0
41590,1,60,6,4.333,0,12,0,7,3,1
41583,0,64,13,3.017,1,6,0,5,3,1
41582,0,65,10,3.083,0,8,0,19,15,1
41576,0,61,13,3.45,1,7,0,8,8,1
41576,1,84,11,2.85,0,11,0,1,6,0
41575,1,76,20,2.833,1,6,0,10,9,1
41571,1,65,12,3.05,0,8,1,8,6,1
41571,0,75,5,2.917,2,9,0,12,9,1
41555,1,75,18,2.3,0,5,0,8,5,1
41547,1,72,7,3.3,0,3,0,9,6,1
41543,0,58,25,3.633,1,11,0,14,16,1
41536,1,76,3,3.3,0,9,0,8,5,0
41517,0,61,12,3.5,0,13,0,17,17,1
41512,0,61,14,3.067,0,9,1,7,8,0
41509,1,64,20,3.233,2,14,0,12,9,0
41507,1,61,14,3.283,0,10,0,9,8,1
41500,0,69,4,3.35,0,11,0,6,8,0
41497,0,64,11,2.9,0,7,0,7,3,0
41483,0,88,8,2.683,0,5,0,9,6,1
41482,1,71,10,2.733,2,5,0,7,6,1
41480,0,72,3,3.9,0,6,0,8,7,0
41479,0,59,11,3.017,0,10,1,5,7,0
41479,1,75,8,3.267,1,12,0,16,15,1
41477,0,62,10,3.417,0,17,2,16,24,0
41473,1,95,12,2.9,0,15,1,7,15,0
41470,1,70,12,2.667,1,1,0,8,2,1
41464,0,59,13,2.483,1,9,0,6,4,0
41456,0,62,13,2.983,0,5,0,7,8,1
41456,0,76,11,3.067,1,8,0,9,3,0
41448,0,68,17,3.2,0,11,0,8,11,0
41447,1,67,15,3.55,0,9,0,9,6,1
41445,1,62,10,3.067,1,4,0,16,8,1
41444,0,90,6,3.117,1,11,1,6,7,0
41443,0,66,15,3.3,1,7,0,8,7,0
41442,0,64,12,2.717,0,12,0,7,11,0
41434,0,60,13,2.9,2,11,0,15,9,1
41432,0,67,6,4.583,0,16,0,13,16,0
41426,0,55,12,2.917,0,9,0,5,2,0
41424,0,73,5,3,0,8,0,6,7,1
41423,0,96,9,3.817,0,13,1,8,15,0
41413,0,58,20,2.467,0,7,0,4,1,1
41407,1,84,9,3.35,0,6,0,14,15,1
41403,0,65,10,2.883,1,7,1,9,5,0
41401,1,75,12,2.617,1,5,1,3,5,0
41386,1,68,1,2.767,0,4,0,5,1,1
41377,0,65,14,2.417,0,4,0,3,2,0
41372,1,62,10,4.467,2,11,2,12,9,1
41365,0,77,11,2.55,0,10,0,3,5,0
41363,1,60,8,3.367,1,9,0,10,7,1
41362,0,70,9,3.167,0,7,2,10,9,0
41359,0,59,18,3.25,0,9,0,13,12,1
41359,0,59,12,2.55,0,3,0,4,1,1
41358,1,73,13,4,0,11,0,7,9,1
41358,0,58,8,2.667,0,8,1,9,10,1
41357,1,59,16,3.35,1,9,0,16,22,1
41356,0,71,10,3.283,3,14,1,11,11,0
41353,0,75,11,2.933,1,6,0,10,6,1
41346,1,70,10,2.783,1,3,0,4,4,1
41327,1,72,9,3.483,0,12,1,9,13,1
41324,1,82,6,2.817,2,9,0,5,3,0
41324,0,68,8,3.067,1,6,0,4,1,0
41321,0,63,8,3.2,1,7,1,8,13,1
41320,1,65,14,2.25,1,3,0,7,3,1
41310,1,84,8,3.133,0,10,2,7,14,0
41293,1,76,8,4.383,0,4,1,10,5,1
41293,1,73,8,3.017,2,9,1,12,14,1
41286,1,69,11,2.617,0,7,0,9,4,0
41283,0,64,13,2.85,3,7,0,10,7,1
41280,1,71,7,2.55,1,5,0,13,12,1
41278,0,61,13,2.95,1,7,1,7,10,1
41278,1,83,11,2.833,1,8,0,8,12,0
41275,0,58,13,3.25,2,10,0,10,9,1
41268,1,62,13,3.233,1,15,1,14,15,0
41266,0,59,22,3.783,0,11,0,12,9,1
41262,1,85,7,2.933,0,8,0,8,8,0
41257,0,81,7,3.083,1,8,0,10,3,1
41256,0,57,11,2.867,0,7,0,4,4,0
41253,0,62,4,3.1,1,11,0,8,7,0
41250,1,71,9,3.217,1,4,1,7,5,0
41243,0,69,8,2.683,0,10,1,9,9,1
41233,0,57,14,2.9,0,9,0,5,4,0
41233,1,61,7,4.9,1,11,1,14,7,1
41231,0,63,10,3.45,0,12,0,12,10,0
41227,0,82,3,2.367,1,3,0,8,6,1
41224,1,60,4,3.367,0,10,1,5,5,0
41218,0,65,9,3.133,0,8,0,6,3,0
41213,1,79,18,2.283,1,6,0,4,5,0
41210,0,60,12,2.55,1,5,0,12,8,1
41210,1,85,5,2.817,0,9,0,11,8,1
41208,0,62,22,2.583,1,5,1,6,5,0
41185,0,62,14,3.2,2,8,0,8,7,0
41183,1,68,9,2.85,0,8,0,4,4,0
41166,0,78,12,2.85,0,5,0,6,9,1
41166,0,90,11,3,0,8,0,9,5,0
41157,0,73,8,2.85,1,5,0,7,4,1
41151,0,76,10,3.1,0,6,1,8,7,1
41148,1,80,5,3.2,0,3,1,6,4,1
41148,1,69,10,3.8,1,16,0,11,17,1
41147,1,88,15,3.317,1,11,0,9,9,1
41139,1,65,9,3.35,0,7,0,10,11,0
41125,1,63,10,3.35,0,13,0,11,14,0
41109,0,52,10,2.733,0,7,1,6,4,0
41102,0,64,6,3.033,1,11,0,6,9,0
41098,1,81,7,3.283,0,7,0,8,8,0
41086,1,68,7,2.933,0,7,0,5,4,0
41068,0,72,3,2.5,0,8,0,10,5,1
41058,1,73,7,3.033,0,9,1,3,9,0
41058,0,73,5,2.75,1,6,0,7,6,1
41053,0,80,7,3.317,0,14,3,10,11,1
41052,1,67,12,3.167,0,10,1,3,8,0
41028,0,60,15,2.867,0,9,0,8,9,0
41024,0,87,11,3.383,0,13,1,14,15,1
41019,0,78,6,3.033,0,10,1,8,10,0
41015,0,84,5,2.833,1,6,0,7,4,1
41012,0,90,5,3.05,0,7,0,7,5,1
41001,1,64,10,2.967,1,13,0,2,9,0
40994,0,62,7,2.817,1,9,2,6,10,0
40987,0,65,5,3.333,1,14,1,7,13,0
40981,1,60,13,2.833,0,12,0,6,9,0
40970,0,63,8,3.067,1,8,0,7,7,0
40956,1,81,12,3.033,0,8,1,8,14,0
40953,1,44,17,2.7,1,3,0,11,10,1
40952,0,75,9,4.3,1,11,0,9,13,1
40951,1,76,10,3.133,0,8,0,14,13,1
40937,0,77,5,2.783,0,7,1,10,5,1
40921,0,59,1,2.6,0,10,0,5,9,0
40899,1,77,4,5.433,0,13,0,16,10,0
40882,0,48,12,3.05,1,7,0,3,8,1
40879,0,96,5,3.317,0,8,0,9,1,0
40879,0,65,12,2.6,1,6,0,8,7,1
40875,1,82,5,3.483,0,17,2,9,17,0
40871,1,87,4,2.733,0,5,1,4,3,0
40859,0,81,3,3.15,0,5,0,8,4,1
40852,1,57,0,2.917,0,9,0,2,3,0
40848,1,76,5,2.983,0,6,2,14,15,1
40823,1,79,8,3.217,1,10,1,11,9,1
40818,1,73,11,2.617,0,3,0,5,3,1
40814,1,45,11,2.917,0,5,0,4,3,0
40805,1,89,8,2.633,0,5,0,9,3,1
40791,1,71,9,2.883,0,5,0,9,5,1
40785,1,67,7,3.317,0,14,1,8,14,0
40755,0,67,11,3.383,0,10,0,6,7,0
40725,0,63,11,3.05,0,6,0,10,9,1
40714,1,62,13,2.917,2,6,0,7,5,1
40713,0,82,5,3.2,1,15,0,5,17,0
40643,0,74,10,3.4,0,12,0,13,10,0
40638,1,42,21,3.083,0,9,1,6,5,0
40616,0,83,7,3.167,1,8,0,9,9,1
40610,0,70,4,2.6,2,7,0,10,7,1
40597,0,87,9,3.917,0,10,0,11,7,1
40586,0,73,5,2.967,0,7,1,11,7,1
40573,1,65,3,2.667,0,7,0,8,3,1
40563,1,85,5,3.9,3,10,0,17,12,1
40550,0,74,9,4.083,2,14,0,10,13,1
40525,0,67,9,3.283,0,9,1,5,7,1
40471,1,51,23,3.533,0,6,1,11,13,1
40446,1,74,11,3.017,0,7,0,6,3,1
40438,0,56,8,3.017,1,8,0,14,13,1
40434,0,69,3,3.2,1,6,1,15,11,1
40431,0,70,4,2.883,1,8,1,10,9,1
40419,0,81,1,2.8,0,9,1,9,5,1
40416,0,75,2,3.25,2,17,1,11,17,0
40415,1,68,9,2.767,1,4,0,7,8,1
40354,0,74,1,2.867,1,3,1,14,10,1
40344,0,82,9,2.633,0,9,1,3,5,0
40331,0,78,11,2.783,0,10,1,7,8,0
40330,0,94,13,3.233,1,7,0,10,11,1
40310,0,81,3,2.833,0,4,0,8,7,1
40309,1,83,6,2.65,0,6,0,8,2,1
40256,0,82,6,2.917,0,15,1,6,7,0
40232,1,85,6,3.467,0,9,1,12,11,1
40221,0,81,3,2.433,0,5,0,6,4,1
40221,0,62,8,3.65,1,4,0,5,5,1
40214,1,85,7,2.983,1,10,1,3,6,0
40184,1,86,5,2.533,0,4,0,9,6,1
40173,1,66,7,2.983,0,8,1,6,4,1
40168,1,67,7,2.483,0,1,0,11,7,1
40164,1,44,14,3.067,1,5,1,6,7,0
40148,0,74,9,3.217,0,11,1,6,6,0
40142,0,68,10,3.1,1,8,2,7,6,0
40137,0,91,1,2.917,1,7,2,13,12,1
40137,0,65,11,3.133,0,5,0,9,4,0
40135,0,72,0,2.75,0,7,1,4,6,0
40134,0,95,5,3.3,0,10,1,10,11,1
40124,0,73,5,2.85,0,7,0,8,8,1
40122,0,81,18,3.367,1,9,0,6,7,1
40122,0,81,17,2.933,0,7,1,6,3,1
40113,0,88,5,2.95,0,11,2,9,11,0
40104,1,85,15,3.417,1,9,1,10,17,1
40093,1,85,5,2.917,0,7,1,13,9,1
40087,0,63,5,2.517,0,5,0,3,1,0
40082,0,75,9,3.2,0,12,0,9,11,0
40075,1,81,7,2.733,2,3,0,10,3,1
40053,0,90,8,2.917,0,4,1,19,9,1
40035,0,82,8,3.117,0,13,0,6,7,0
40030,0,74,14,3.217,1,7,0,9,7,1
40023,0,91,6,3.467,1,15,2,11,16,0
40019,0,92,8,2.7,0,6,0,9,5,1
40011,0,75,8,2.8,1,6,1,7,4,1
40008,0,92,8,2.833,1,7,0,12,11,1
39995,0,67,9,3.783,2,17,0,11,18,0
39985,1,73,1,3.2,0,10,0,9,11,1
39971,0,74,10,2.267,0,4,0,8,6,1
39934,1,81,2,3.2,0,4,0,5,3,1
39900,0,78,14,3.067,1,14,0,7,11,0
39875,0,81,7,3.317,1,9,2,10,16,1
39782,1,68,17,2.85,0,6,0,3,2,0
39764,0,52,11,3.283,0,9,1,12,14,1
39757,0,77,11,3.233,0,9,0,9,7,1
39722,0,87,8,2.717,0,3,0,10,4,1
39720,1,85,6,2.917,0,8,3,5,5,1
39691,0,92,6,2.867,0,12,0,6,13,0
39691,1,70,11,2.4,0,5,0,5,3,1
39688,1,63,12,3.15,0,7,0,9,9,1
39620,0,79,6,2.333,1,6,0,2,1,1
39595,1,61,2,4.383,2,6,0,6,3,1
39594,0,72,6,3.267,0,11,0,7,12,0
39583,0,68,6,4,1,12,0,9,13,0
39553,1,86,10,3.533,1,9,1,11,8,0
39553,0,86,6,2.917,0,4,1,6,3,1
39530,0,55,17,3.683,0,7,0,8,7,0
39512,0,62,14,2.95,2,7,1,12,7,1
39510,0,84,7,3.383,0,12,2,8,9,1
39500,1,39,14,3.033,0,5,1,9,5,1
39494,0,60,14,3.2,0,11,1,6,10,0
39493,0,75,18,2.8,1,10,0,14,12,1
39487,0,70,10,2.567,0,10,1,3,8,0
39420,0,76,3,3.35,0,6,1,10,5,1
39401,1,71,16,3.55,1,15,0,13,15,0
39373,0,86,3,3.35,0,14,1,7,14,0
39358,0,91,5,2.867,0,8,0,10,6,1
39271,1,93,7,2.867,0,12,1,5,9,0
39253,1,73,6,3.45,1,16,1,9,15,0
39252,0,78,15,3.65,0,11,0,16,20,1
39251,0,84,7,2.7,0,6,1,9,7,1
39251,1,61,2,3.083,0,7,0,9,10,0
39206,1,73,9,2.767,0,9,0,9,14,1
39203,0,80,0,3.417,1,9,0,11,12,0
39195,0,83,6,3.133,3,10,0,8,7,1
39146,0,81,7,3.667,1,12,0,9,13,0
39128,0,59,9,3.117,1,9,0,13,17,1
39113,0,81,7,2.5,0,7,0,5,8,0
39111,1,73,0,3.083,0,9,0,13,9,1
39100,0,80,7,3.467,0,12,2,15,18,0
39089,0,64,4,3.183,0,4,1,11,7,1
39077,1,50,14,3.317,0,8,0,10,7,0
39047,0,67,10,2.633,0,8,0,9,9,1
39028,1,85,3,2.717,0,8,0,4,6,0
39024,1,87,3,3.517,0,7,1,19,17,1
38964,0,67,8,2.433,0,9,0,1,7,0
38959,0,86,8,2.983,0,11,1,6,12,0
38951,0,75,3,5.05,1,13,2,17,15,1
38941,1,76,8,3.067,1,10,2,10,8,1
38909,0,61,6,3.05,0,8,0,2,2,0
38899,0,80,0,4.517,0,10,0,8,3,1
38898,1,84,6,3.2,0,9,0,12,12,1
38880,0,93,17,3.667,1,16,0,15,18,0
38861,0,76,9,2.6,1,6,0,10,6,1
38858,0,63,6,2.867,0,5,1,10,5,1
38843,1,84,6,3.483,0,12,0,18,18,1
38830,0,66,9,3.267,1,12,0,9,7,1
38813,1,72,9,3,2,6,0,7,6,1
38781,0,83,10,3.117,1,12,1,8,8,0
38781,1,70,9,2.967,1,6,0,8,8,1
38747,0,86,4,3.233,0,13,2,7,12,0
38712,0,56,8,2.8,0,6,0,12,7,1
38700,1,83,7,2.633,0,5,2,6,2,0
38684,0,60,1,2.817,0,6,2,1,1,1
38673,1,83,5,2.4,0,8,0,2,8,0
38611,1,83,5,3.05,0,12,0,17,17,1
38610,1,68,16,2.883,1,16,3,5,15,0
38586,1,84,2,3.583,0,8,0,10,9,0
38574,1,60,8,3.35,1,10,1,10,5,0
38541,0,71,8,2.767,1,4,0,6,6,1
38536,0,68,15,2.9,0,3,1,8,9,1
38522,0,72,12,2.65,1,5,0,7,5,1
38490,0,96,11,3.117,1,11,1,11,13,1
38480,0,86,11,3.267,1,10,1,21,21,1
38423,0,89,11,2.85,3,7,1,18,18,1
38423,1,88,14,2.9,0,7,0,8,11,1
38412,1,87,2,3.283,0,11,1,9,8,0
38391,1,85,10,2.567,0,6,1,4,4,0
38378,0,92,12,3.55,1,13,0,9,17,0
38339,1,79,1,2.567,0,2,0,7,1,1
38338,0,77,11,3.167,0,7,0,9,8,0
38306,0,80,3,2.883,1,13,0,7,16,0
38296,0,65,8,2.983,2,7,1,11,7,1
38292,1,93,7,3.217,1,8,1,10,3,0
38274,0,87,6,3,0,12,0,7,13,0
38255,0,75,0,3.2,1,11,1,6,8,0
38236,0,81,9,3.667,0,9,2,14,14,0
38201,0,81,13,3.767,0,15,0,16,18,1
38200,1,63,14,2.867,0,6,1,4,4,0
38176,0,68,10,2.767,0,9,0,3,6,0
38174,0,75,1,2.6,0,4,0,5,3,1
38172,0,43,11,4.067,0,9,2,4,6,0
38161,0,94,14,3.033,0,7,0,9,6,0
38137,0,70,17,3.8,0,9,2,8,11,1
38134,0,87,7,3.233,1,9,0,15,9,0
38116,0,71,9,3.483,0,13,1,6,12,0
38106,0,64,3,2.883,0,10,2,5,5,0
38104,0,69,7,4.467,3,13,1,11,15,0
38091,0,50,10,3.617,0,7,0,10,6,1
38089,0,75,17,3.217,0,7,1,9,8,1
38082,0,78,15,2.7,1,5,0,4,4,1
38050,0,83,4,3.283,1,10,0,6,7,0
38044,1,84,5,2.933,0,7,0,13,8,1
38042,0,90,11,2.85,0,7,0,10,10,1
38041,0,80,16,3.483,1,9,0,9,9,0
38019,1,39,18,2.75,0,9,1,3,8,0
38009,0,76,6,2.783,0,5,0,7,5,0
38002,1,85,6,3.117,0,10,0,8,5,0
37998,1,77,6,2.967,2,15,0,7,11,0
37973,0,82,14,2.583,1,5,0,4,1,0
37954,1,61,13,4.267,3,15,1,15,20,0
37941,0,81,10,2.883,0,6,0,11,15,1
37933,0,75,14,3.05,1,6,0,12,11,1
37927,0,66,17,3.217,0,9,0,12,11,1
37901,0,52,15,3.5,0,5,1,14,8,1
37890,1,54,7,3.633,1,13,0,7,11,0
37886,0,75,14,2.6,0,8,0,6,5,0
37886,0,82,7,3.017,2,12,0,9,12,0
37873,0,80,11,3.667,2,10,1,10,15,1
37870,1,76,14,2.733,1,3,0,4,3,1
37851,0,88,15,3.117,0,7,0,12,9,0
37842,1,80,12,3.317,1,3,0,9,6,1
37842,1,86,15,2.917,1,11,0,7,7,0
37828,0,84,10,2.5,0,6,1,4,4,0
37828,0,52,4,2.75,1,3,0,4,1,0
37821,1,90,3,2.767,1,7,1,7,8,1
37815,0,81,3,4,2,9,0,9,5,1
37796,0,81,13,3.517,1,14,0,9,18,1
37792,0,90,15,2.9,0,14,0,3,2,0
37790,1,75,14,4.417,2,15,1,12,15,1
37779,0,79,12,4.25,0,15,0,9,13,0
37767,0,63,12,3.867,0,14,0,9,12,1
37762,0,79,8,3.55,0,10,0,10,9,1
37762,1,64,10,3.133,0,4,0,11,10,1
37758,0,90,2,3.35,3,11,0,11,13,1
37754,1,74,11,2.717,0,8,3,6,13,0
37746,0,91,9,3.283,0,10,2,14,13,1
37739,0,62,9,3.333,0,10,0,11,11,1
37736,1,85,16,2.783,0,11,1,9,11,0
37727,0,58,5,2.733,0,7,0,6,2,1
37721,0,80,7,2.967,1,8,0,10,10,1
37708,0,76,6,3.333,1,12,1,13,14,0
37699,0,80,4,3.417,0,10,1,17,18,1
37696,0,89,11,2.817,1,7,1,10,4,0
37661,0,56,15,3.417,2,10,0,10,8,1
37653,0,68,12,3.2,1,5,1,8,9,1
37645,0,80,12,3.067,0,14,1,10,10,0
37616,1,86,17,2.5,2,3,1,5,5,1
37600,0,79,7,4.183,1,19,1,15,20,0
37583,1,77,5,2.65,0,7,0,5,4,0
37569,0,81,10,3.65,0,12,1,15,16,1
37566,0,88,14,2.75,1,5,1,17,15,1
37564,0,47,5,3.083,0,3,0,8,7,1
37560,0,73,0,3.95,1,11,0,8,6,0
37559,0,74,4,3.25,1,10,1,6,9,0
37555,0,85,17,2.883,2,12,0,11,13,1
37551,0,68,15,2.667,1,2,1,16,14,1
37546,0,84,7,3.05,0,10,2,8,13,1
37493,0,43,11,3.75,1,12,0,17,22,1
37484,1,73,0,3.233,1,15,2,7,14,0
37479,1,65,11,2.917,0,11,1,11,13,1
37479,0,85,18,3.45,0,8,0,10,6,0
37453,0,76,10,3.283,0,9,3,14,16,1
37447,0,76,10,2.95,2,5,1,8,6,1
37430,1,73,12,4.217,0,11,0,14,11,1
37422,1,78,9,2.417,1,3,0,10,9,1
37413,0,75,10,3.633,0,10,1,13,14,0
37396,0,56,15,3.483,0,4,0,5,7,0
37396,0,61,9,2.95,2,11,1,6,7,0
37395,1,70,13,3.583,2,14,1,9,13,0
37378,1,63,4,3.4,0,8,0,7,5,1
37363,1,77,9,2.367,1,6,0,11,6,1
37354,0,66,10,3.117,1,8,1,6,6,0
37337,0,73,10,3.417,1,10,1,9,14,0
37328,1,75,1,3.133,0,3,0,15,13,1
37324,0,81,7,3.183,1,6,0,10,6,1
37306,0,78,8,3.517,1,11,0,10,9,1
37306,0,77,8,3.25,2,13,1,12,14,1
37296,1,75,5,2.6,0,7,0,12,8,1
37267,1,74,17,3.6,0,9,0,10,11,1
37264,1,84,10,2.983,0,10,0,6,7,0
37254,1,70,15,3.283,0,2,2,13,10,1
37233,1,45,7,2.95,0,9,0,4,7,0
37223,1,73,0,4.117,0,12,0,10,11,1
37217,1,49,9,3.15,1,14,0,4,8,0
37211,1,80,15,3.083,0,8,0,11,3,1
37195,1,65,14,2.883,1,9,0,12,8,1
37188,1,71,3,3.233,0,12,0,9,11,0
37187,0,80,6,2.733,2,2,0,10,5,1
37175,0,82,7,3.317,3,10,1,10,17,1
37168,1,66,8,3.2,0,8,1,7,7,0
37160,1,57,22,3.433,2,9,0,11,16,0
37153,0,73,3,3.45,0,8,1,9,12,1
37129,0,67,6,3.167,0,7,1,5,7,0
37117,0,75,12,3.6,0,12,0,16,9,1
37116,0,87,13,2.55,1,4,0,6,4,1
37115,0,47,17,2.833,1,6,0,8,6,1
37101,1,75,16,3.433,0,10,0,4,9,0
37095,0,90,7,2.867,1,10,1,12,11,1
37083,0,72,7,3.183,0,8,0,6,7,0
37083,0,41,8,2.733,0,8,0,3,1,0
37055,0,59,1,2.9,3,10,0,7,12,1
37053,1,66,8,3.233,0,11,1,8,5,0
37042,0,76,8,2.567,1,9,0,4,7,0
37015,1,82,7,4,0,13,2,11,10,0
37001,0,92,18,3,1,10,1,4,3,0
36982,0,90,4,2.717,1,4,0,7,6,1
36962,0,83,13,2.733,0,8,0,6,6,0
36953,0,69,8,3.217,1,7,0,4,7,0
36950,0,82,5,3.617,0,10,0,14,7,0
36948,0,82,11,3.183,0,9,0,14,13,1
36941,0,73,13,4.25,0,8,0,10,5,1
36935,1,66,2,2.65,3,8,0,10,7,1
36911,0,77,16,3.783,1,12,2,10,15,0
36901,1,53,5,2.533,0,8,0,6,7,1
36900,1,63,13,2.717,1,7,1,8,5,1
36854,0,91,13,3.367,3,5,0,7,5,1
36842,1,92,15,2.817,1,7,2,19,18,1
36839,0,78,5,3.633,0,11,1,9,6,0
36834,1,82,7,2.667,0,7,0,10,9,1
36806,1,88,9,3.25,1,9,1,10,15,1
36801,1,81,11,3.867,1,10,0,16,15,1
36787,1,56,6,3.233,0,9,1,4,3,0
36786,1,81,7,3.167,0,12,0,12,14,1
36786,1,59,21,3.05,1,9,2,7,6,0
36757,0,71,9,2.883,0,11,0,4,6,0
36717,0,83,7,3.717,1,12,0,11,14,0
36717,0,69,5,3.217,1,5,0,12,12,1
36715,1,85,9,3.55,0,9,0,13,13,1
36701,0,60,9,2.533,0,5,0,4,2,1
36683,1,86,8,3.3,1,12,2,11,14,0
36669,1,64,8,2.517,0,4,0,8,4,1
36663,0,73,10,3.317,0,8,1,12,8,1
36634,0,71,9,3.083,0,12,0,8,14,0
36624,1,85,4,3.067,0,9,0,11,9,1
36619,0,86,1,2.983,2,10,2,10,13,1
36558,0,79,7,3.7,1,15,0,13,13,0
36552,0,80,12,3.633,1,22,4,8,23,0
36544,0,73,0,2.967,1,9,2,12,8,1
36544,0,81,15,2.9,0,6,0,6,4,0
36541,0,60,12,2.717,1,11,0,8,5,0
36538,1,69,5,4.95,2,14,1,12,14,0
36527,0,83,13,3.067,0,7,0,8,10,1
36502,1,86,15,2.8,0,13,0,6,12,0
36496,0,43,8,3.05,0,7,0,8,11,1
36453,0,73,0,3.033,1,5,0,7,3,1
36450,1,87,6,2.55,0,4,0,13,7,1
36438,0,77,4,2.167,0,4,0,6,8,1
36430,0,86,9,3.15,0,10,0,13,13,1
36426,0,73,5,2.483,0,4,0,3,3,1
36424,0,67,6,2.833,1,10,3,8,13,0
36424,0,67,1,2.9,0,11,0,5,7,0
36419,0,90,11,2.8,0,6,0,10,14,1
36412,0,76,6,3.05,0,10,2,10,9,0
36404,0,84,10,3.483,0,14,0,8,8,0
36383,1,69,8,3.467,1,11,1,7,11,0
36369,1,73,0,2.8,0,5,0,8,6,1
36368,0,86,6,3.017,0,13,1,10,14,1
36312,1,93,12,3.067,1,8,0,10,8,1
36291,0,79,17,3.55,1,7,2,5,4,0
36279,1,78,12,3.1,0,8,1,6,10,1
36275,0,60,15,2.8,0,10,2,7,3,0
36272,0,67,8,2.917,0,10,0,12,9,1
36270,1,84,6,3.417,1,4,0,10,4,1
36267,1,53,20,2.717,0,7,0,9,6,1
36253,1,84,11,3.667,0,16,2,21,17,1
36239,0,69,12,2.517,0,3,0,7,5,1
36238,0,68,0,2.367,0,3,0,8,6,1
36233,0,82,14,2.967,0,8,1,13,10,1
36220,1,69,7,3.133,0,15,0,3,9,0
36195,0,82,13,2.933,1,14,3,10,17,0
36162,0,63,12,2.85,0,12,1,6,10,0
36152,0,88,4,3.083,0,5,0,7,3,1
36137,1,80,3,3.283,0,11,1,22,17,1
36123,0,53,8,2.917,1,6,0,12,11,1
36118,0,72,9,3.217,0,7,1,6,4,1
36108,0,79,8,2.767,1,16,0,4,12,0
36067,0,66,10,3.717,1,14,0,10,18,0
36055,0,66,2,3.217,1,10,1,6,3,0
36052,0,80,9,2.75,2,9,0,7,9,1
36036,1,61,16,2.933,0,9,0,9,9,0
36021,1,60,13,3.383,0,6,0,12,7,1
36020,0,77,8,3.05,1,8,1,9,14,1
36016,1,83,8,3.433,0,7,1,13,10,1
36015,0,87,5,2.917,0,3,0,8,1,1
36008,0,83,8,2.433,0,6,0,4,5,1
35999,0,80,9,4.717,1,9,1,8,9,0
35986,0,81,9,2.6,0,5,1,11,6,1
35978,0,86,7,2.783,1,5,2,11,8,1
35974,1,63,7,2.65,0,2,0,7,2,1
35968,0,77,3,3,0,4,2,10,4,1
35964,0,74,8,3.35,0,11,0,11,9,0
35962,1,63,13,4.033,2,11,1,11,22,0
35955,1,69,6,3.417,0,17,1,12,17,0
35944,0,73,6,2.75,0,9,0,7,10,1
35925,0,76,7,3.35,0,12,1,11,15,0
35917,0,86,15,2.533,1,7,0,13,11,1
35904,0,82,9,3.383,2,6,2,10,12,1
35896,0,73,9,2.817,1,10,0,11,12,0
35880,0,89,5,3.3,0,9,1,8,7,1
35861,0,40,16,3.15,1,4,0,7,7,1
35840,0,90,8,3.017,0,9,0,4,5,0
35833,1,66,1,3.217,1,10,0,11,13,0
35832,0,84,12,3.117,0,3,0,13,13,1
35823,1,62,13,2.733,0,4,0,6,9,0
35804,0,77,7,3.633,2,15,0,14,13,0
35802,1,85,7,3.583,0,12,2,8,11,1
35784,1,78,9,3.417,1,2,2,10,8,1
35778,1,78,7,2.683,0,6,0,5,5,0
35767,1,71,3,3.4,1,8,1,8,9,1
35759,0,79,8,4.383,1,9,0,11,17,1
35746,0,64,3,2.867,0,4,1,6,7,1
35736,1,58,25,3.667,2,8,3,14,19,1
35695,0,61,4,2.633,0,6,0,9,5,1
35681,0,81,8,2.667,0,5,1,6,5,1
35678,0,64,14,2.917,0,9,0,6,7,0
35609,0,90,4,2.767,0,8,2,8,9,0
35551,1,68,8,3.233,0,10,0,11,15,0
35538,1,87,7,3.45,0,11,0,16,16,1
35531,0,59,7,3.3,0,12,1,6,8,0
35520,0,61,20,3.467,0,5,1,3,8,1
35483,0,88,4,2.683,0,3,1,14,11,1
35477,0,79,6,2.733,0,7,0,5,5,1
35468,0,68,0,2.55,0,9,1,15,14,1
35458,1,86,13,2.433,0,13,1,4,7,0
35413,0,68,7,3.933,1,18,2,15,22,0
35406,1,65,7,3.417,0,12,1,6,11,0
35397,1,64,4,5.933,1,11,0,16,11,1
35366,0,92,7,3.067,0,15,0,9,7,1
35364,0,74,0,2.8,1,9,2,8,9,1
35333,0,71,3,2.217,0,4,1,6,5,1
35317,1,68,10,3.383,1,11,2,7,7,1
35312,1,73,0,2.867,0,10,0,6,5,0
35291,0,67,0,2.933,0,3,2,7,1,1
35250,0,87,4,2.883,0,9,0,14,13,1
35230,0,72,9,3,0,15,1,10,10,0
35227,0,61,15,3.767,0,11,1,15,21,1
35225,1,90,6,2.717,1,6,0,5,3,1
35216,0,83,4,4.5,4,16,1,14,19,0
35207,0,61,3,3.5,0,10,1,7,10,0
35195,0,80,8,3.583,1,14,2,3,13,0
35186,0,73,0,2.633,0,5,0,8,5,1
35185,1,86,21,3.1,0,9,0,6,7,1
35177,0,62,8,3.4,1,19,2,8,19,0
35174,0,69,3,2.667,0,2,0,8,6,1
35161,0,71,7,3.15,0,10,1,14,10,1
35142,0,63,9,2.85,0,10,0,5,6,1
35125,0,69,8,3.317,0,8,0,17,20,1
35124,0,80,11,2.467,0,7,2,3,4,0
35119,0,73,0,2.883,0,6,0,10,9,1
35116,1,73,0,3.15,1,13,0,7,13,0
35102,0,85,8,3.25,1,7,1,13,18,1
35097,1,67,10,2.717,1,7,0,7,4,1
35093,1,66,14,3.533,0,3,1,14,17,1
35067,0,66,6,2.967,0,9,0,11,7,0
35067,0,65,5,2.933,1,7,2,7,7,0
35053,1,74,9,2.917,0,11,1,2,3,0
35052,1,81,7,2.517,0,5,0,8,5,1
35040,0,73,0,2.683,0,6,0,3,3,0
35035,1,73,0,2.6,1,13,0,5,11,0
35030,0,74,12,3.283,0,4,1,4,4,0
35020,1,75,3,3.083,0,4,1,9,5,0
35012,1,68,2,3.017,0,9,1,6,9,0
34982,1,81,10,3.067,1,11,0,12,13,1
34982,0,62,7,2.933,1,7,1,14,12,1
34971,0,69,16,2.967,0,8,1,11,9,1
34957,0,71,7,2.867,0,3,0,8,5,1
34942,0,67,6,2.8,0,22,0,6,17,0
34901,1,78,16,3.167,0,9,0,8,9,1
34898,0,45,8,3.117,2,6,0,11,9,1
34890,1,56,14,3.317,1,13,0,14,15,1
34813,0,66,0,4,0,13,1,10,16,0
34810,0,62,2,3.283,0,6,2,10,6,1
34809,0,64,1,3.05,0,8,0,3,5,0
34805,0,81,6,2.6,0,8,0,7,5,1
34760,0,83,8,3.517,2,15,2,10,12,0
34758,1,68,13,3.05,0,10,0,13,13,1
34748,1,79,21,2.7,1,4,0,11,7,1
34724,0,77,3,2.883,0,4,0,12,8,1
34695,1,91,5,2.933,1,5,1,11,9,1
34681,0,64,2,2.95,0,8,2,1,5,0
34680,0,54,2,3.217,0,8,1,12,15,1
34673,0,76,6,2.817,2,5,0,7,5,1
34659,1,88,9,3.533,1,5,0,7,3,1
34649,1,80,1,3.383,0,9,0,10,7,1
34648,0,81,12,2.583,0,6,0,9,7,1
34616,1,80,11,3.317,0,13,0,7,11,0
34579,0,76,2,3.683,0,13,0,10,13,0
34569,1,81,6,2.817,2,12,1,5,6,0
34529,1,70,4,3.167,1,7,0,7,9,1
34526,1,72,9,2.767,0,8,0,7,5,1
34508,1,51,5,3.25,2,10,3,9,11,0
34493,1,34,8,3.217,0,11,1,5,8,0
34437,1,52,8,2.983,1,11,4,4,7,0
34428,0,66,7,3.033,1,9,0,14,13,1
34422,0,86,4,3.05,1,18,0,10,23,0
34395,0,77,0,2.533,0,16,1,4,13,0
34362,0,49,8,3.183,1,13,1,12,11,1
34319,0,64,8,2.95,0,4,1,4,7,1
34317,0,82,10,3.15,0,11,0,14,14,1
34310,0,94,13,2.417,1,7,0,4,3,1
34294,0,72,6,2.933,0,6,0,12,12,1
34294,1,90,20,2.933,1,7,1,8,9,1
34286,0,70,7,3.283,0,12,0,13,17,1
34279,0,49,9,3.283,2,9,0,14,15,1
34264,0,62,1,2.75,0,9,0,6,8,0
34259,0,81,10,2.633,1,7,0,9,8,1
34251,0,68,0,3.35,0,14,2,8,13,0
34224,1,93,7,3.183,1,8,0,8,7,0
34215,1,90,9,2.167,0,4,2,7,3,1
34196,1,83,8,3.9,1,11,0,14,14,0
34163,0,70,3,3.333,0,9,0,8,8,1
34161,0,81,4,2.85,0,8,0,14,11,1
34160,1,79,13,4.683,0,7,0,7,3,0
34143,1,93,5,3.1,0,10,0,8,7,1
34113,0,78,11,3.2,1,8,1,9,10,1
34051,0,76,14,5.417,1,11,2,14,8,1
34050,0,84,7,2.95,0,4,1,9,9,1
34045,0,83,3,2.6,0,7,0,9,12,1
34036,0,80,10,2.433,1,4,0,6,6,1
34007,1,44,10,2.633,0,7,0,7,7,1
33971,1,79,11,2.833,0,9,1,7,10,1
33955,0,56,19,3.433,1,10,1,3,9,0
33917,0,62,4,3.85,1,18,4,14,23,0
33909,1,73,0,3.95,0,15,1,11,8,0
33879,1,85,9,3.25,2,7,1,6,9,1
33861,1,66,3,4.267,0,10,1,12,6,1
33841,0,73,0,2.567,0,5,0,7,2,0
33828,0,84,10,3.083,1,9,1,5,8,0
33819,0,71,11,3.417,1,12,2,4,11,0
33818,0,68,11,3.3,1,10,0,8,10,0
33797,1,84,5,2.617,0,11,1,4,5,0
33748,1,56,1,2.85,0,7,0,7,9,0
33747,0,77,8,3.467,1,12,0,10,13,0
33729,0,68,10,3.083,0,12,0,11,13,1
33703,0,87,10,2.633,0,11,0,3,4,0
33618,0,84,10,3.233,1,12,0,9,9,0
33614,0,74,9,2.917,0,10,1,4,8,0
33613,1,65,4,2.383,0,9,0,5,5,1
33604,0,85,21,3,2,14,0,6,11,0
33590,0,84,2,2.783,1,8,1,5,7,1
33573,0,61,3,3.55,0,14,1,7,12,0
33568,0,93,5,3.25,0,13,0,10,14,0
33546,0,97,4,2.783,3,5,2,10,13,1
33535,0,94,9,2.733,2,5,0,8,4,1
33509,0,74,9,2.95,0,11,1,6,6,0
33501,0,73,7,3.017,0,6,0,5,3,0
33471,0,81,14,2.767,0,7,3,9,7,1
33471,0,60,15,3.5,3,14,3,4,14,0
33460,1,85,12,2.567,1,6,0,6,6,1
33455,1,94,12,3.267,0,10,0,7,15,0
33442,0,100,10,2.55,0,9,1,7,8,1
33433,0,94,3,3.067,3,6,0,10,13,1
33421,1,79,18,2.483,0,9,1,3,4,0
33419,0,73,17,2.617,0,6,0,7,5,1
33391,0,87,7,2.683,0,7,1,6,5,0
33386,0,80,7,3.017,1,6,0,5,6,1
33380,0,62,9,3.033,0,6,1,11,13,1
33378,0,69,8,3,1,9,1,4,7,0
33375,1,71,13,3.85,0,19,0,17,21,0
33369,0,76,2,3.783,0,13,0,6,5,0
33338,0,68,11,2.683,0,3,1,7,3,1
33337,1,81,1,3.583,1,10,1,15,17,1
33283,0,63,7,3.283,0,8,0,17,16,1
33277,1,60,4,2.533,0,7,0,10,7,0
33258,1,73,0,3.35,0,12,0,8,10,0
33222,1,60,10,2.9,0,9,0,12,10,1
33170,0,79,5,3.417,0,16,0,8,14,0
33148,0,65,12,3.817,0,13,0,11,13,0
33134,0,80,16,2.983,1,7,2,8,8,1
33132,0,62,21,2.75,2,7,1,7,6,1
33123,0,71,0,2.917,0,10,1,8,10,0
33115,0,72,10,3.283,0,8,0,8,5,0
33109,0,82,9,3.55,0,14,0,17,15,1
33096,0,83,8,2.8,0,5,0,11,11,1
33087,1,76,8,2.967,1,9,0,7,6,0
33069,1,67,6,3.383,0,8,0,5,4,0
33061,0,72,7,2.9,1,13,0,4,11,0
33052,0,74,3,2.917,0,10,0,11,10,1
33042,0,79,6,2.933,0,11,0,10,6,1
33040,0,83,6,3.25,1,14,0,14,14,1
33032,0,84,5,2.917,0,5,0,8,7,1
33029,1,78,11,3.317,2,14,0,4,9,0
33023,1,89,8,2.833,0,10,0,9,9,0
33006,0,70,2,2.583,0,5,1,10,7,1
32996,1,79,7,2.417,1,8,1,4,3,1
32987,0,75,0,3.267,0,13,1,5,7,0
32963,1,81,4,3.217,1,5,1,12,6,1
32958,1,73,0,2.383,0,7,0,9,5,1
32951,1,77,16,4.3,0,14,2,11,13,0
32947,1,81,4,3.283,0,8,2,6,10,0
32946,1,83,6,2.817,1,8,0,4,3,1
32935,0,74,0,2.967,1,4,0,7,8,1
32921,0,78,13,2.433,0,5,0,8,6,1
32916,1,77,2,3.15,1,9,0,11,11,1
32914,0,76,19,3.717,0,9,1,16,15,0
32909,0,83,8,2.833,1,9,1,11,12,0
32901,0,56,9,2.7,0,7,2,11,7,1
32888,0,89,10,2.817,2,8,0,16,17,1
32850,0,76,1,2.65,0,8,0,12,9,1
32835,0,75,2,3.433,1,7,1,12,7,0
32829,1,87,7,2.933,0,11,0,11,13,0
32820,0,73,0,2.233,1,3,0,9,5,1
32811,0,75,0,2.767,3,11,0,10,14,1
32810,0,59,18,2.733,2,8,0,7,8,1
32806,1,96,8,2.367,0,4,1,9,8,1
32790,1,87,5,2.717,0,5,1,2,1,1
32781,0,79,13,3.033,2,8,3,8,10,0
32775,1,87,4,5.8,0,12,0,8,3,0
32739,1,95,4,3.05,0,11,0,7,3,0
32734,1,45,12,3.75,2,6,2,8,9,1
32721,1,73,0,3,1,11,1,15,16,1
32718,0,90,9,3,2,8,1,15,14,1
32710,1,75,8,3.217,1,14,3,5,11,0
32668,0,79,11,3.1,0,9,1,5,8,1
32663,0,88,5,3.383,2,9,2,9,12,0
32634,0,77,9,3.067,0,9,0,13,11,1
32628,0,71,10,2.783,1,13,1,6,16,0
32615,0,73,7,3.033,0,5,0,8,3,1
32607,0,86,7,3.467,1,5,0,11,10,1
32599,0,75,13,2.867,1,4,4,3,3,0
32587,1,71,7,3.3,0,9,0,6,11,0
32527,0,91,7,3.25,1,8,2,7,7,1
32526,0,84,3,2.583,1,6,1,6,3,1
32524,0,84,6,3.3,2,9,0,10,14,1
32491,1,66,12,2.85,3,7,2,9,8,1
32487,0,80,8,2.917,0,10,1,4,3,0
32480,1,83,15,3.567,2,14,0,18,24,1
32465,1,78,5,2.767,0,4,0,9,5,1
32448,0,77,0,3.083,1,12,0,8,8,0
32439,1,89,6,3.133,0,9,1,9,9,1
32435,1,89,5,3.583,1,15,0,11,16,1
32419,1,31,18,3.333,1,13,1,7,12,0
32416,0,73,0,5.05,1,16,3,11,12,0
32407,0,92,13,2.633,1,8,0,5,10,1
32405,1,75,9,3.067,1,5,1,8,6,1
32403,1,75,0,2.95,1,10,0,16,12,1
32395,0,78,11,2.867,0,9,0,13,10,1
32394,0,55,4,3.15,0,9,0,5,2,0
32373,0,72,10,2.617,0,11,0,8,8,0
32358,1,63,6,2.933,0,8,1,4,4,0
32357,0,83,8,3.6,1,16,2,12,11,0
32316,1,69,11,2.967,0,6,0,8,9,1
32304,0,65,3,2.55,0,5,0,7,3,0
32301,0,77,0,3.15,0,19,0,5,14,0
32291,0,93,7,2.483,0,11,0,6,10,0
32288,0,85,7,2.933,0,9,0,11,6,1
32285,1,84,14,2.983,1,7,0,10,9,1
32232,0,50,13,3.367,2,12,0,10,8,0
32228,0,85,10,2.667,0,4,0,9,7,1
32191,0,74,0,3.2,0,11,0,2,6,0
32189,0,91,4,2.8,1,6,0,10,7,1
32188,0,87,7,3.5,0,5,0,7,3,1
32187,0,80,7,3.283,0,9,2,7,7,0
32185,0,82,6,2.767,0,10,1,4,6,0
32176,0,83,11,3.317,1,16,1,9,19,0
32174,0,62,6,2.733,1,5,0,11,12,1
32167,0,70,10,3.117,2,15,1,16,18,1
32140,0,80,4,2.9,0,5,0,9,7,1
32139,0,67,5,2.617,1,10,1,3,8,0
32134,0,75,15,3.033,1,7,0,7,7,0
32132,0,94,10,3.233,3,8,1,9,11,0
32121,0,72,12,3.3,0,9,0,7,7,1
32117,0,78,13,3.1,0,5,1,19,13,1
32113,1,95,9,3.183,1,13,0,10,13,0
32103,0,77,10,3.817,1,14,1,12,17,1
32088,0,66,18,3.467,1,15,3,8,9,0
32085,1,75,5,2.933,0,7,0,12,5,0
32074,1,80,7,2.833,2,5,0,11,4,0
32071,1,86,5,2.617,0,4,0,9,4,1
32061,0,47,7,3.417,0,6,1,1,3,0
32058,0,71,7,3.217,0,12,1,5,10,0
32040,0,79,8,3.117,0,8,0,4,5,0
32036,0,91,9,4.083,1,17,0,11,12,0
32034,1,90,12,2.717,0,7,0,6,3,1
32033,1,86,6,3.133,1,8,0,7,6,0
32030,0,80,2,2.917,1,10,0,6,8,0
32018,0,75,12,3.05,3,5,1,10,8,1
31981,1,86,7,3.333,1,10,0,11,13,0
31978,1,91,11,3.217,1,18,3,9,20,0
31965,0,73,0,2.967,1,5,0,6,5,1
31952,0,67,15,3.5,1,11,0,8,5,0
31947,1,57,7,3.333,0,11,0,7,9,0
31946,0,94,6,2.867,0,7,0,10,7,1
31939,0,73,0,3.117,0,10,1,7,14,0
31884,0,83,11,3.067,1,8,1,6,8,0
31874,0,83,8,3.15,0,15,1,8,18,0
31853,0,86,9,3.283,0,17,0,6,13,0
31843,0,74,6,3.033,1,9,1,10,9,1
31836,0,60,11,3.417,0,11,0,7,13,1
31831,0,78,6,2.667,2,8,0,8,7,0
31805,1,84,9,2.817,0,7,1,4,5,1
31783,1,49,16,2.467,0,3,0,8,8,1
31776,1,76,10,2.683,1,8,2,7,6,0
31771,0,77,3,3.083,0,7,1,16,20,1
31768,0,88,5,3.067,0,6,0,8,7,0
31762,0,87,10,3.367,1,17,1,8,19,0
31760,1,73,9,3.217,0,14,0,15,13,1
31730,1,78,6,3.117,1,16,4,6,15,0
31721,1,69,10,3.833,1,10,1,14,11,0
31707,0,73,9,3.317,1,11,0,6,6,0
31689,0,48,12,3.033,0,7,0,12,10,1
31688,0,68,12,3.1,1,16,0,5,13,0
31662,0,70,6,3.017,0,9,1,7,9,0
31660,0,80,5,2.517,0,5,0,5,7,1
31635,1,66,4,3.05,0,4,1,7,3,1
31625,1,90,12,3.7,4,16,1,7,15,0
31620,0,73,7,2.733,1,5,0,6,3,1
31618,0,90,14,2.967,1,6,1,6,8,0
31598,1,74,14,3.367,0,11,2,12,15,1
31559,0,81,11,3.45,0,11,1,8,5,0
31557,0,61,7,3.333,2,14,0,17,18,1
31515,0,66,7,3.133,1,17,1,8,18,0
31505,1,81,4,3,1,11,1,10,15,1
31502,1,88,11,2.583,1,9,0,12,11,1
31497,0,81,9,2.65,0,3,0,12,6,1
31481,0,56,16,2.9,3,7,2,5,7,1
31456,1,91,6,3.45,1,16,1,8,14,0
31453,0,82,10,2.767,1,10,0,3,4,0
31438,0,73,0,3.483,0,14,0,12,19,1
31425,0,85,9,2.617,0,9,0,9,7,1
31415,0,50,12,3.033,1,3,0,9,8,1
31405,1,65,1,2.883,1,12,1,10,13,1
31398,0,67,10,3.017,0,10,1,6,7,0
31385,1,79,0,2.617,0,7,0,9,5,1
31357,0,82,6,2.833,0,4,0,9,6,1
31355,0,90,8,2.533,1,6,0,12,8,1
31352,0,55,2,3.033,1,6,3,9,6,0
31328,0,81,8,3.05,0,12,0,9,10,0
31277,0,84,5,4.05,0,11,1,6,5,0
31269,0,81,6,2.7,0,4,1,11,3,1
31264,0,61,1,2.55,0,11,0,6,8,0
31229,1,67,3,2.717,1,4,1,5,3,1
31226,0,70,14,3.3,0,9,0,7,10,0
31212,0,68,0,5,1,10,1,6,3,0
31192,0,82,9,2.85,1,4,0,7,8,1
31190,0,80,8,3,0,7,2,13,13,1
31187,1,82,12,3.183,1,12,3,9,13,0
31184,0,79,6,3.367,0,7,0,14,13,1
31183,1,91,7,2.617,0,9,0,5,5,0
31171,0,78,12,3.717,1,12,2,8,15,0
31163,1,51,3,2.683,1,15,1,2,11,0
31161,1,73,7,3.283,0,7,1,6,7,0
31148,0,75,17,2.7,1,14,1,6,11,0
31144,0,91,6,2.767,0,12,0,8,10,0
31137,0,76,13,3.2,0,11,0,9,12,0
31124,1,77,4,3.517,1,6,0,17,12,1
31118,1,79,12,3.167,1,5,1,12,10,1
31117,0,69,6,3.133,0,11,1,5,6,0
31114,0,53,12,3.383,0,11,0,10,14,0
31111,0,88,15,2.933,0,7,0,11,13,1
31109,1,57,15,2.85,1,6,2,7,5,0
31102,0,81,11,2.95,0,5,1,7,3,1
31066,0,77,7,3,1,7,0,15,15,1
31061,0,81,11,3.383,0,17,1,7,19,0
31061,0,60,6,2.983,0,4,1,8,7,1
31043,1,78,3,2.983,0,7,0,10,11,1
31042,1,72,0,2.85,2,7,1,7,8,0
31040,1,79,3,2.883,0,12,0,4,12,0
31034,0,75,11,2.583,2,5,0,10,9,1
31032,1,74,14,3.15,0,7,0,10,15,1
31011,0,44,13,3.217,0,9,0,8,6,1
31001,0,60,14,3.067,2,7,0,10,7,1
30978,0,79,3,2.917,2,5,1,6,4,0
30970,1,65,8,3.133,1,8,0,10,11,1
30969,0,84,6,3.133,0,11,1,12,11,0
30955,1,75,3,3.1,3,8,4,13,10,1
30913,0,75,0,2.783,2,6,0,10,8,1
30894,1,90,7,2.35,0,8,1,1,5,0
30861,1,78,10,3.667,1,13,1,12,11,1
30857,0,66,13,3.133,0,12,2,7,11,0
30855,0,76,9,3.033,1,4,0,8,2,1
30834,1,57,1,3.05,1,5,0,6,3,0
30817,1,73,0,3.083,3,8,0,9,7,1
30808,0,67,11,3,0,16,3,9,12,1
30781,0,86,11,2.533,2,4,0,8,8,0
30763,0,66,15,2.867,1,5,1,10,4,1
30761,0,77,9,3.467,0,10,0,9,9,0
30760,1,81,5,3.167,1,12,0,9,13,0
30747,0,94,10,3.017,1,6,0,8,5,1
30745,0,64,4,3.117,0,5,0,6,5,1
30683,0,80,0,2.917,0,7,1,9,11,1
30680,0,80,10,3.233,1,9,1,9,9,1
30679,0,67,9,2.95,1,14,1,7,9,0
30665,0,83,6,2.45,2,5,0,6,5,1
30663,1,96,6,3.533,1,12,1,9,16,0
30659,1,88,0,2.883,0,8,0,12,8,1
30657,1,73,0,3.217,1,8,1,9,9,1
30644,0,72,8,3.067,0,10,0,9,6,0
30639,0,82,0,3.85,0,18,2,12,20,0
30628,0,73,0,2.683,1,7,0,6,3,0
30608,1,80,4,3.417,0,17,0,11,19,0
30601,0,76,4,3.2,1,6,0,12,11,1
30599,0,87,13,2.25,1,5,0,7,9,1
30554,0,81,5,2.75,1,9,0,11,9,1
30547,0,91,4,2.85,1,4,0,12,6,1
30520,1,85,12,2.617,2,11,0,6,10,0
30501,0,78,10,2.8,1,5,0,9,2,1
30488,0,75,4,2.65,0,6,0,4,1,1
30486,0,91,2,3.033,1,10,0,12,13,1
30460,1,74,4,2.317,0,6,0,4,8,1
30451,0,69,8,3.517,1,10,0,14,15,1
30451,0,72,0,2.867,0,7,0,10,9,1
30438,0,73,0,3.1,1,9,0,9,13,0
30436,0,72,13,2.367,1,9,0,8,7,1
30424,1,78,14,3.633,0,17,2,13,14,1
30409,0,75,14,3.067,2,1,0,14,6,1
30379,1,73,0,2.967,0,9,0,3,5,0
30363,1,67,18,2.717,1,11,0,5,4,0
30357,0,81,9,3.483,0,16,2,14,16,0
30320,0,67,5,2.617,0,8,1,7,9,0
30316,0,83,9,3.117,0,11,0,13,16,1
30304,0,68,9,3.433,2,8,1,11,12,0
30293,1,81,17,3.767,1,11,0,7,13,0
30292,0,75,11,3.6,2,12,2,7,13,0
30281,1,91,16,3,0,8,0,12,9,1
30280,0,82,5,3.183,1,14,0,10,13,0
30279,0,89,6,3.25,2,11,1,11,12,1
30269,0,86,5,3.233,2,7,0,10,10,1
30263,0,79,8,3.1,2,8,0,12,7,1
30257,0,76,10,2.983,0,9,0,9,6,1
30254,1,88,7,2.95,1,4,3,3,2,0
30250,0,64,8,3.183,0,8,1,10,8,1
30229,1,83,6,3.5,0,8,0,4,5,0
30215,1,84,8,3.233,0,4,1,11,5,0
30194,0,87,4,3.5,0,12,0,9,12,1
30185,1,91,11,2.867,0,10,0,11,11,1
30178,0,67,3,2.967,0,10,2,3,6,0
30167,1,88,15,3.317,1,9,0,14,14,1
30150,0,78,5,2.783,1,8,0,11,6,1
30147,0,79,10,2.583,0,8,2,12,8,1
30145,1,87,9,2.85,0,7,1,8,8,1
30137,0,70,4,3.467,0,12,3,8,7,0
30112,0,80,6,2.667,1,8,0,6,8,1
30108,0,61,12,3,0,3,0,8,2,1
30107,1,70,0,3.3,0,11,1,5,9,0
30103,1,82,7,2.867,0,7,0,8,10,1
30100,0,59,10,3.7,0,8,0,6,8,0
30100,0,63,0,3.133,0,9,0,7,10,1
30094,0,73,5,2.733,2,10,1,9,9,1
30092,0,76,3,2.567,1,5,0,5,1,1
30085,1,85,16,3.083,0,10,1,10,11,1
30074,0,64,12,2.583,1,6,0,9,5,1
30054,0,65,7,2.95,1,11,0,5,7,0
30045,0,60,15,3,0,17,2,5,13,0
30033,1,80,6,2.917,1,10,1,6,9,0
30021,0,86,9,3.133,1,9,3,12,11,1
30019,0,62,7,2.917,0,11,0,5,8,0
30013,0,73,0,3.283,0,15,1,8,8,0
30012,1,69,10,3.117,1,15,0,8,10,0
30006,0,76,7,2.933,0,13,1,4,8,0
30003,1,57,24,3,1,9,0,12,13,1
29986,1,71,8,3.067,1,9,0,5,8,0
29938,0,54,7,2.683,0,6,0,7,5,1
29934,0,90,3,2.583,0,4,0,6,3,1
29932,0,66,9,3.133,1,11,1,6,9,0
29918,0,74,7,2.783,0,5,0,7,5,1
29866,0,99,11,3.45,1,6,3,9,9,1
29862,0,62,1,2.533,1,9,0,8,7,1
29844,1,73,0,2.433,0,5,0,8,3,1
29803,0,76,11,2.967,1,9,1,6,4,0
29771,0,75,14,2.95,1,3,0,15,11,1
29764,1,63,6,2.933,1,9,2,10,12,1
29735,0,76,9,2.883,0,3,0,18,12,1
29734,0,79,2,2.533,0,9,1,6,8,0
29670,1,80,8,2.65,0,9,4,9,10,1
29669,1,93,7,2.5,0,3,0,6,1,1
29668,0,74,2,3.167,1,10,0,7,10,1
29668,1,70,5,2.617,0,6,1,4,5,1
29665,0,73,3,3.183,0,13,0,8,10,0
29649,1,73,0,3.15,0,10,0,8,5,1
29630,0,89,5,2.733,0,9,1,13,10,0
29623,0,81,3,2.95,0,6,2,2,4,0
29601,0,74,3,2.7,0,5,0,4,3,0
29589,0,72,9,2.583,0,10,0,8,6,1
29579,1,64,9,2.483,1,6,0,8,6,1
29566,0,69,9,3.267,0,13,2,13,13,0
29553,1,88,18,3,0,7,2,11,11,1
29546,0,66,6,2.517,0,5,0,8,6,1
29535,0,64,7,2.75,0,7,1,10,7,1
29523,0,83,14,2.933,1,6,2,10,9,0
29522,0,60,1,4.017,1,16,2,13,17,0
29513,0,83,5,4.6,0,13,3,12,11,1
29482,0,73,9,3.317,2,16,0,13,16,0
29480,0,71,11,3.167,3,11,0,9,11,1
29477,0,88,8,2.55,0,9,0,4,7,0
29475,1,73,2,2.433,0,4,0,6,5,0
29471,0,71,6,2.75,1,9,0,8,11,1
29459,1,77,0,3.233,0,11,0,9,11,1
29457,1,76,0,3.15,2,8,0,10,15,1
29447,0,78,13,3.833,3,9,2,10,9,1
29442,0,70,12,2.75,0,4,0,8,4,1
29429,0,73,0,3.4,2,12,0,8,16,0
29399,0,73,0,2.517,2,7,1,5,4,0
29396,0,73,6,2.8,2,14,0,10,12,0
29386,0,81,8,3.117,0,9,0,11,17,1
29370,0,79,0,4,3,19,0,8,21,0
29362,0,72,5,3.25,0,12,1,16,18,1
29330,0,76,5,3.417,1,10,0,9,10,0
29318,0,68,2,3,1,11,0,7,11,0
29293,0,91,13,2.917,0,9,0,9,5,1
29290,0,84,10,2.433,0,3,0,3,1,1
29268,0,76,13,2.517,0,4,0,17,10,1
29217,0,72,1,2.9,0,11,0,8,10,0
29209,0,84,7,2.9,0,9,0,9,8,1
29187,0,86,6,2.9,1,7,0,9,9,1
29174,1,72,2,3.017,1,5,1,2,1,0
29170,0,82,4,2.883,1,7,0,12,10,1
29156,1,80,8,2.367,0,6,1,6,2,0
29152,0,57,7,3.7,2,10,2,14,15,0
29137,0,75,8,3.517,3,5,0,14,15,1
29107,1,96,9,2.767,2,5,0,9,10,1
29089,0,94,4,3.25,0,9,0,9,13,0
29089,1,75,7,3.583,1,13,3,11,18,0
29086,1,70,14,3.15,0,5,0,12,7,1
29078,1,92,9,2.617,0,7,0,10,8,1
29078,0,68,0,2.8,0,10,1,4,9,0
29068,0,95,6,3,0,5,1,12,5,1
29035,1,62,10,2.95,3,7,0,13,9,1
29023,1,85,12,3.117,0,11,2,10,11,1
28955,0,64,12,3.133,1,8,1,8,5,0
28928,0,68,11,3.133,1,9,0,10,5,0
28926,1,82,12,2.967,1,8,0,7,5,1
28924,1,74,2,4.017,0,14,1,7,17,0
28923,0,56,13,3.283,0,9,0,6,3,0
28896,0,66,0,5.067,4,13,0,10,15,0
28882,0,84,6,3.067,2,6,0,6,5,1
28846,0,64,13,3.317,0,9,0,11,6,0
28819,0,68,0,3.05,1,7,1,3,5,0
28807,1,80,11,3.433,1,10,1,6,4,1
28803,1,52,1,3.117,0,13,0,8,8,0
28790,0,75,1,2.783,2,7,0,6,5,0
28782,1,62,1,3.417,0,13,0,11,8,0
28762,0,80,3,2.433,0,11,0,9,8,0
28760,0,81,5,2.533,1,6,0,11,8,1
28759,0,68,0,2.867,0,7,0,4,4,0
28755,1,67,8,3.7,0,8,4,9,11,0
28752,1,77,12,2.917,0,8,0,9,4,0
28742,0,73,6,3.1,0,4,0,10,4,1
28730,1,73,2,3.6,0,14,0,10,17,1
28724,0,82,9,2.55,0,5,0,6,3,0
28682,0,92,5,2.517,0,6,0,17,14,1
28665,0,82,6,3.35,0,14,1,12,15,0
28663,0,77,12,2.717,0,6,1,3,7,0
28650,1,57,21,2.733,0,13,1,3,9,0
28634,1,72,13,3.367,3,8,1,9,10,1
28633,1,86,6,3.75,0,15,2,7,19,0
28616,1,74,9,2.917,2,6,2,5,5,0
28569,1,68,4,3.367,0,8,1,8,9,0
28522,0,68,3,2.517,1,10,0,2,6,0
28508,0,73,9,2.967,0,8,0,13,12,1
28491,0,82,9,2.933,0,6,1,10,6,1
28469,0,92,8,3.517,0,7,0,9,9,1
28463,0,84,14,3.733,0,7,0,12,9,1
28456,1,81,9,3.083,0,7,1,8,7,1
28441,1,65,0,3.133,1,3,1,6,5,1
28435,0,78,8,3.75,0,8,1,7,7,1
28427,1,83,7,3.017,1,6,0,8,3,1
28417,0,80,7,4.267,0,9,1,8,12,0
28404,0,62,10,2.9,0,4,0,8,9,1
28393,0,84,6,3.033,0,8,2,7,7,0
28386,0,81,12,3.5,1,11,1,7,12,0
28348,0,64,11,3.117,1,10,1,10,8,0
28345,1,85,7,2.45,1,5,0,8,7,1
28343,0,80,22,3.083,1,8,2,6,7,1
28329,0,70,6,2.6,0,6,1,2,3,0
28309,0,59,1,3.5,1,11,0,14,11,0
28249,0,69,14,2.867,0,8,0,6,6,1
28235,0,59,22,3.217,1,13,3,6,11,0
28232,0,74,12,3.317,0,8,2,9,8,1
28226,0,80,7,3.283,0,13,0,12,14,1
28225,0,87,6,3.283,0,6,1,11,10,0
28220,1,82,4,3.15,0,11,0,4,5,0
28213,0,80,3,2.933,1,8,0,11,9,0
28211,0,92,6,3.533,0,5,1,6,5,0
28196,1,76,0,2.283,0,4,0,5,1,1
28193,0,65,0,3.4,0,14,1,7,12,0
28184,0,83,5,3.65,0,10,0,12,11,1
28181,1,67,0,3.35,1,16,0,18,19,1
28180,0,69,0,2.683,0,9,0,7,9,1
28158,0,72,0,2.6,1,2,0,8,6,1
28150,1,78,12,2.5,0,5,1,11,10,1
28148,1,73,0,2.95,2,5,0,9,6,1
28134,0,73,0,3.05,0,13,0,6,9,0
28131,1,64,0,2.817,2,10,1,12,13,1
28127,0,63,0,3.167,0,9,2,8,10,0
28124,1,86,3,2.867,1,10,0,6,8,0
28119,1,73,0,3.083,3,4,0,8,3,1
28118,0,89,10,3.5,1,13,1,8,20,0
28110,0,80,5,2.733,0,10,1,11,10,1
28093,0,73,7,3.067,0,5,0,6,6,1
28084,0,64,12,3.85,2,11,0,10,11,0
28083,1,75,5,2.7,0,7,0,9,9,1
28080,0,81,5,2.733,0,14,1,5,15,0
28076,0,90,10,3.167,1,9,0,5,8,0
28049,0,60,16,2.967,0,4,0,13,9,1
28026,0,85,7,3.067,0,22,1,3,13,0
27953,0,71,13,2.9,0,6,0,13,15,1
27938,0,68,0,2.717,1,8,0,10,9,1
27914,0,80,7,3.383,3,15,1,8,11,0
27912,0,75,13,2.783,0,7,0,8,5,1
27906,0,84,12,2.4,0,6,0,5,1,1
27901,1,88,8,4.817,0,16,2,12,13,0
27888,0,70,9,3.4,1,8,2,11,8,0
27869,1,54,23,3.867,1,14,2,12,13,0
27839,0,85,10,2.95,1,16,2,3,12,0
27829,0,95,10,3.2,1,13,1,15,15,0
27823,0,78,4,3,0,6,1,7,7,0
27818,0,82,7,3.433,0,10,0,10,9,0
27792,1,74,0,2.85,2,7,0,5,5,0
27762,1,77,3,3.383,1,10,0,13,10,0
27754,1,70,8,3.133,0,9,0,9,9,0
27741,1,75,0,2.683,1,3,0,12,6,1
27732,0,84,11,2.717,1,5,1,9,3,1
27729,0,82,12,3.817,1,22,0,9,19,0
27684,0,68,9,2.85,0,8,1,9,12,1
27671,1,91,5,3.233,0,11,0,11,12,0
27670,0,86,18,4.483,0,19,1,14,15,1
27657,1,80,9,2.733,0,2,1,10,4,1
27652,0,57,1,2.917,0,7,0,10,9,1
27643,0,89,4,3.283,0,15,1,8,11,0
27631,0,84,13,3.35,1,12,0,10,9,1
27631,0,78,8,4.5,0,11,0,10,5,1
27631,1,71,12,3.083,1,8,0,7,3,0
27587,1,62,2,2.633,0,8,1,9,9,1
27573,1,72,0,5.417,0,20,2,15,22,0
27567,0,73,11,3.633,2,15,3,11,20,0
27565,0,73,0,3.533,1,12,2,8,14,0
27544,1,91,13,3.05,0,14,1,10,13,0
27539,0,74,0,2.8,1,5,0,8,5,1
27532,0,77,16,3.35,1,11,0,7,13,1
27531,0,85,5,2.567,1,6,1,12,9,1
27521,0,72,12,2.917,0,6,0,10,9,0
27510,1,69,7,2.683,0,7,1,6,9,1
27508,1,73,0,2.983,0,12,0,7,10,0
27483,0,72,14,2.633,3,4,0,12,11,1
27464,1,76,17,2.917,0,9,0,10,10,1
27461,1,62,7,3.5,0,11,2,8,7,0
27436,1,82,8,3.15,0,9,0,5,5,0
27414,0,78,0,3.05,0,14,1,9,17,0
27381,0,72,8,2.75,0,6,1,6,5,1
27376,0,70,5,3.033,1,5,0,6,8,1
27368,0,63,6,2.65,0,8,0,5,10,0
27358,0,92,17,3.933,1,10,0,3,3,0
27356,0,53,6,2.633,1,8,0,1,3,0
27322,1,72,1,2.917,0,11,3,7,9,0
27321,0,68,0,2.717,0,17,2,5,14,0
27318,0,84,13,2.85,0,7,0,15,12,1
27318,1,77,0,3.117,1,5,0,9,7,1
27292,0,88,15,2.967,0,12,2,11,13,1
27263,0,66,8,2.85,1,10,0,8,11,0
27258,0,81,6,2.917,0,7,0,12,9,1
27257,0,72,4,3,0,8,2,6,8,0
27236,0,86,10,3.467,0,10,2,9,13,0
27233,1,69,7,2.8,2,11,0,12,12,1
27217,1,72,0,2.567,0,5,1,4,6,0
27207,1,53,9,3.067,0,9,0,10,3,1
27201,0,80,6,3.333,1,9,0,7,7,1
27196,0,80,8,3.367,0,8,0,11,5,1
27166,0,58,17,3.233,1,6,0,9,7,1
27153,0,63,6,2.95,1,7,0,7,9,1
27134,0,88,6,3.083,1,14,0,10,12,0
27126,0,92,6,2.65,0,9,0,6,10,1
27121,0,80,4,3.217,2,9,0,11,12,1
27106,0,82,9,2.817,3,7,1,5,5,1
27074,0,75,9,2.9,0,8,1,4,7,0
27014,0,90,15,3.217,2,8,0,17,16,1
26985,1,81,2,2.933,0,5,2,11,7,0
26978,0,52,12,2.967,0,10,1,8,7,1
26970,0,79,0,3.167,1,9,0,13,14,0
26950,0,88,11,3.383,3,11,1,15,15,1
26945,1,74,11,2.933,0,14,0,7,14,0
26942,1,77,11,3.067,1,8,1,11,9,1
26934,0,60,2,2.033,0,7,1,8,9,1
26933,0,77,0,3.467,0,7,1,14,10,1
26932,1,70,5,3.067,0,11,1,9,6,0
26925,1,83,9,3.533,0,7,1,5,9,0
26889,0,67,5,3.133,0,10,1,9,14,1
26841,0,77,0,3.15,2,10,0,15,9,1
26788,0,81,3,3.317,0,9,1,6,8,0
26783,0,88,3,3.017,0,11,1,8,8,0
26744,1,73,8,2.933,1,13,1,7,8,0
26743,0,79,10,2.9,1,8,0,11,8,1
26702,1,80,13,3.017,0,6,1,10,8,1
26697,0,78,7,3.2,1,10,0,13,9,1
26696,1,75,19,2.883,0,7,0,9,5,1
26690,0,88,15,2.383,0,7,1,5,2,0
26672,0,79,6,3.467,1,15,0,6,8,0
26654,1,79,15,3.883,0,4,0,4,1,1
26637,0,76,7,3.75,1,14,0,9,11,0
26626,0,80,0,2.967,0,8,2,6,6,0
26613,1,69,13,3.167,2,11,0,11,11,0
26612,1,96,11,2.783,2,4,0,5,6,1
26607,1,83,10,3.183,1,6,0,6,5,0
26605,0,65,11,2.8,1,4,0,10,4,1
26574,1,87,4,2.4,0,2,0,6,6,1
26566,0,77,12,2.5,1,2,0,12,7,1
26553,0,87,8,3.317,4,16,1,10,12,0
26531,0,83,3,2.633,0,5,0,7,4,1
26520,0,94,10,3.367,0,8,1,12,9,1
26516,0,68,0,2.9,0,17,1,8,15,0
26492,0,99,9,5.383,0,12,1,10,13,0
26489,1,43,13,3.267,1,5,1,14,10,1
26458,0,73,0,2.983,0,9,0,16,14,1
26443,1,72,0,4.017,0,8,1,7,5,0
26437,1,72,10,2.817,0,11,1,9,13,0
26417,0,69,9,2.933,0,9,1,4,4,0
26400,0,76,11,3.167,1,12,1,12,9,1
26393,0,80,14,2.8,0,13,0,6,9,0
26367,0,64,12,2.317,0,4,0,7,3,0
26356,1,65,16,2.767,0,8,1,6,6,0
26330,1,91,4,2.783,0,8,1,10,11,1
26306,1,67,0,2.767,0,7,0,11,5,1
26297,1,86,3,3.417,0,14,2,12,18,0
26271,1,56,9,3.283,1,17,0,6,11,0
26206,0,69,13,2.933,0,10,2,6,13,0
26200,1,45,3,3.067,0,6,0,11,10,1
26199,0,84,16,3.283,2,15,1,13,19,0
26191,1,92,6,2.667,1,7,0,6,6,1
26178,0,76,0,3.35,0,8,0,9,10,1
26176,0,83,4,2.45,0,6,1,7,3,1
26171,1,77,0,3.783,1,9,0,9,9,0
26163,0,80,15,2.317,0,6,0,13,11,1
26160,0,89,3,2.2,1,13,0,4,9,0
26159,1,73,0,4.483,1,10,0,16,19,1
26158,1,77,8,3.05,1,8,0,12,11,1
26152,0,75,11,3,0,11,0,6,5,0
26125,0,84,17,2.783,0,7,0,7,5,1
26099,1,80,5,2.717,2,8,0,12,12,1
26087,0,77,0,3.783,0,12,0,7,7,1
26087,1,73,17,3.467,2,7,2,7,11,1
26080,0,74,13,3.967,0,13,1,11,11,1
26058,1,70,9,2.867,0,8,1,8,5,1
26053,0,71,7,3.433,2,8,0,12,15,1
26049,0,40,7,3.45,1,8,2,12,11,1
26014,0,90,11,3.083,0,7,0,4,8,0
26008,1,75,0,3.317,0,8,0,11,8,0
26006,0,76,4,3.45,0,13,0,18,15,1
26005,1,86,5,2.983,0,11,2,9,10,1
25960,1,77,8,3.033,0,19,2,13,22,0
25940,0,61,8,3.05,0,9,1,5,9,0
25932,1,77,14,4.033,0,4,1,13,5,1
25925,0,60,15,2.8,0,11,3,14,18,1
25918,0,86,11,3.6,1,15,0,10,15,0
25910,1,78,13,3.717,0,11,2,10,11,1
25886,0,74,9,2.7,1,7,0,14,11,1
25883,0,72,0,2.783,0,5,1,7,9,1
25852,0,73,0,2.65,1,8,0,6,9,1
25839,0,76,0,3.217,1,8,0,10,5,1
25830,1,71,10,2.65,2,6,0,11,8,1
25821,0,71,7,3.167,2,7,1,6,3,1
25811,1,85,4,3.333,0,6,1,10,9,1
25804,0,85,16,3.367,0,13,1,17,24,1
25796,0,86,9,3.367,1,12,0,8,7,0
25789,0,62,9,2.917,1,6,0,6,3,0
25776,1,86,10,3.233,1,13,1,12,18,0
25730,0,61,5,2.533,0,5,0,4,6,0
25714,0,79,14,3.4,1,14,1,14,24,1
25709,0,73,0,3.533,3,10,0,12,17,1
25696,0,66,19,3.017,0,4,0,16,12,1
25692,1,81,16,2.767,0,13,0,6,7,0
25651,0,76,7,2.367,0,5,0,8,4,0
25641,0,72,0,3.167,0,8,0,11,10,0
25618,0,73,0,2.967,4,11,1,8,7,1
25565,0,91,14,2.917,0,8,0,11,14,0
25564,1,70,7,3.033,1,9,2,10,8,1
25538,1,82,8,2.5,0,7,0,5,5,1
25530,0,73,3,3.067,0,8,0,7,5,0
25510,1,78,21,3.317,1,10,1,9,12,0
25503,0,70,9,3,0,9,1,12,7,1
25482,0,75,0,2.85,0,9,1,7,5,0
25477,0,73,4,2.783,0,11,3,6,9,0
25474,0,74,9,3.433,1,7,2,7,8,0
25458,1,74,10,3.383,1,7,0,11,9,0
25435,0,72,11,3.117,1,9,0,4,5,0
25413,0,82,7,2.767,1,5,0,8,9,1
25412,0,93,5,2.8,1,6,1,5,5,0
25383,1,63,1,2.55,0,5,0,12,10,1
25365,1,77,4,2.633,2,3,0,7,9,1
25347,0,83,8,3.15,0,9,0,12,9,1
25341,1,87,9,3.6,5,8,0,9,13,1
25323,0,68,0,2.733,0,7,0,7,3,0
25318,1,81,4,3.167,0,11,2,6,10,0
25308,1,85,4,3.867,0,13,1,11,22,1
25304,1,91,6,3.533,0,13,1,11,17,0
25298,0,80,11,2.933,1,9,0,7,2,0
25291,0,77,0,2.717,0,7,1,7,6,1
25272,0,89,10,3.017,0,10,1,6,9,0
25270,0,87,6,3.367,1,10,0,12,12,1
25269,1,86,13,3.2,0,6,1,12,5,1
25240,0,70,1,2.5,0,6,0,8,9,1
25237,1,63,9,2.917,2,10,1,6,9,0
25229,0,68,0,2.533,0,8,0,7,7,1
25221,1,75,9,3.117,0,12,1,8,18,0
25220,0,74,3,3,0,10,1,11,11,1
25215,0,58,10,2.9,2,8,0,11,12,1
25188,0,91,11,4.567,1,13,0,12,5,1
25182,0,59,11,2.933,0,11,0,6,9,0
25177,1,83,3,3.417,2,10,0,7,9,0
25139,1,65,7,2.65,2,6,1,2,1,1
25138,0,89,7,2.867,0,10,1,12,7,0
25133,1,76,12,3.05,0,7,0,5,5,0
25097,0,81,12,3.417,1,9,0,7,7,0
25094,1,56,8,2.9,0,16,0,8,11,0
25086,0,55,6,2.767,0,6,0,4,3,0
25078,1,71,9,3.083,0,13,2,5,8,0
25060,0,78,0,2.467,0,8,0,8,9,0
25041,0,73,0,3.133,0,8,1,12,12,1
25032,0,77,11,2.8,1,9,1,13,11,1
25015,0,70,12,2.633,0,9,0,5,5,0
25011,0,78,0,3.033,1,6,1,12,11,1
25008,0,73,7,3.467,2,13,0,11,13,0
25007,1,74,0,3,1,4,0,8,3,0
25004,1,76,0,2.833,0,6,0,5,3,0
25004,0,73,0,2.9,0,5,0,5,5,1
24993,1,75,0,2.85,1,2,0,8,3,1
24981,0,65,16,3.417,0,8,1,10,11,0
24938,0,89,13,2.133,0,7,0,8,3,0
24935,0,81,6,2.767,1,16,2,9,12,0
24935,0,92,9,3.317,1,18,0,6,13,0
24880,1,87,8,2.833,0,15,0,7,7,0
24859,0,79,0,2.867,1,10,0,9,10,0
24856,1,58,1,2.567,0,7,0,6,5,0
24851,0,73,1,3,1,10,0,6,7,0
24836,0,73,5,2.883,1,7,1,12,7,1
24824,0,59,20,3,2,11,0,5,11,0
24798,1,74,0,2.9,0,13,2,5,11,0
24790,1,69,5,2.917,0,6,0,14,7,1
24783,0,73,0,4.233,0,8,1,8,5,1
24780,1,72,0,3.483,0,7,1,7,11,0
24753,0,75,7,2.85,0,9,0,6,9,0
24753,0,73,5,2.417,1,3,0,8,7,1
24749,1,58,10,3.55,0,14,0,11,11,0
24749,0,70,15,2.1,0,5,2,3,5,1
24741,0,66,9,2.6,0,10,2,5,9,0
24678,1,89,3,2.883,0,7,3,14,16,1
24668,1,77,0,3.65,1,15,0,9,10,0
24656,0,79,0,3.483,0,14,2,8,20,0
24628,0,75,4,2.75,0,9,2,4,6,0
24617,0,70,6,2.8,0,11,1,5,10,0
24597,0,79,7,2.7,0,3,0,11,8,1
24593,1,43,2,2.867,0,7,0,11,6,1
24591,0,65,13,2.85,1,6,1,10,5,1
24582,0,76,0,2.65,0,5,0,4,4,1
24553,0,81,0,3.383,1,12,2,6,11,0
24552,0,78,4,2.433,0,7,0,4,5,1
24520,0,78,0,3.017,0,10,0,10,7,0
24516,0,79,1,2.933,0,8,0,4,5,0
24494,0,72,5,2.267,0,7,0,4,4,1
24487,0,75,0,3.233,0,14,0,7,13,0
24476,0,63,8,3.267,0,9,0,11,9,0
24453,1,73,0,5.15,0,14,1,10,8,1
24437,0,68,0,3.417,0,6,1,9,4,1
24433,0,62,5,2.783,1,10,1,5,6,0
24422,0,90,10,3.117,0,6,0,8,14,0
24415,0,71,18,2.817,0,8,0,7,8,1
24399,0,73,0,2.667,0,8,0,7,3,0
24397,0,75,12,3.483,0,11,1,7,10,0
24385,0,78,0,3.4,2,8,0,2,9,0
24384,0,69,4,2.933,0,9,0,10,12,1
24379,0,79,19,2.75,0,14,1,6,11,0
24361,0,66,0,2.167,0,3,0,5,6,1
24335,0,78,0,2.95,1,10,0,7,7,0
24333,0,68,0,3.4,0,11,0,14,12,0
24318,0,57,15,3.75,1,15,0,7,13,0
24309,0,75,13,3.067,1,14,1,8,13,0
24308,0,70,5,3.6,0,5,1,12,9,1
24308,1,77,0,2.933,0,10,1,6,10,0
24297,0,75,6,2.667,0,6,0,3,6,1
24280,0,67,7,3.5,2,11,1,8,12,0
24259,1,78,10,3.083,1,11,0,13,9,1
24252,0,83,11,3.25,0,5,0,8,8,1
24226,0,76,5,2.867,0,2,0,10,8,1
24186,0,54,6,2.983,0,7,1,2,3,0
24182,0,72,11,2.917,0,10,4,12,13,1
24181,0,75,5,3.367,1,8,0,12,12,1
24154,1,77,13,2.95,0,6,1,17,15,1
24138,0,67,12,3.083,0,4,2,12,12,1
24135,1,71,5,2.833,0,2,0,8,3,0
24124,1,82,7,3.033,2,9,0,14,15,1
24123,0,64,0,2.483,0,7,0,6,3,0
24123,1,74,9,2.983,0,12,2,8,9,0
24118,1,70,4,2.767,0,6,3,2,3,0
24110,1,72,0,2.817,0,5,1,9,4,1
24109,0,73,0,3.05,1,8,1,6,6,0
24107,0,73,0,3.867,0,12,1,10,7,0
24099,0,74,4,3.533,1,6,2,7,10,0
24098,1,84,14,3.217,1,12,1,7,14,0
24088,0,64,1,2.583,0,2,1,7,6,1
24074,0,86,8,3.583,0,8,2,11,13,1
24050,1,76,8,2.333,0,4,0,6,4,1
24033,1,61,2,3,0,10,0,8,6,0
24021,1,77,0,3.517,3,5,1,12,12,1
24020,0,64,13,2.983,1,12,1,6,5,0
24017,0,76,5,2.283,2,5,1,5,4,0
24009,0,76,12,3.767,1,6,0,10,10,1
23983,0,75,7,3.7,1,6,0,8,3,1
23976,0,73,0,2.633,0,8,0,4,4,0
23963,0,92,4,3,1,4,0,10,7,1
23961,0,82,4,3.267,0,13,0,11,11,1
23948,1,72,0,3.217,2,11,0,8,10,0
23927,0,99,9,3.35,1,10,1,10,15,1
23924,0,77,0,3.133,0,9,2,3,5,0
23888,1,77,8,2.8,2,8,0,11,9,1
23876,0,71,3,3.733,1,15,2,10,17,0
23848,0,83,3,3,0,11,0,7,9,0
23847,0,62,7,2.517,0,9,0,8,5,1
23832,0,80,0,2.9,0,3,0,5,3,1
23826,0,73,0,3.05,1,5,1,6,6,1
23809,1,51,1,2.667,0,4,2,4,3,1
23801,1,66,6,2.5,0,7,0,6,4,1
23785,0,83,9,2.717,1,5,0,11,9,1
23768,0,92,15,2.567,2,2,0,8,9,1
23751,0,78,9,3,1,7,0,7,5,0
23739,1,81,6,2.717,0,6,0,10,8,1
23739,0,66,6,3.1,0,10,0,6,7,0
23726,0,68,0,2.583,0,15,1,4,11,0
23719,0,75,13,2.617,1,4,1,8,9,1
23717,1,81,6,2.933,0,7,1,11,9,0
23715,0,73,4,3.1,1,8,0,9,8,1
23711,0,79,7,3.283,1,10,1,11,13,1
23709,1,76,0,3.35,2,9,1,8,7,0
23677,0,90,4,2.733,0,9,0,5,9,0
23666,1,78,0,2.7,1,6,2,9,9,1
23661,0,78,0,3.117,1,9,0,7,8,0
23653,1,79,0,2.8,0,8,0,8,6,1
23636,0,58,4,3.05,0,9,0,7,7,1
23618,1,63,3,3.533,0,7,0,14,20,1
23612,0,72,5,2.833,1,10,2,7,9,0
23600,0,88,9,3.417,3,8,1,11,16,1
23584,0,70,12,3.633,0,7,0,7,3,1
23541,0,82,5,3.117,1,13,2,7,11,0
23518,0,62,12,2.55,0,4,1,4,3,0
23514,0,67,15,3.3,1,10,2,10,9,0
23499,0,80,6,2.917,2,11,0,11,12,1
23487,0,79,11,2.867,1,13,0,8,15,0
23458,0,98,5,3.167,1,9,0,9,11,0
23450,1,63,4,2.883,0,10,0,4,4,0
23448,1,94,11,2.467,1,7,0,9,10,1
23439,0,66,0,2.8,0,10,0,6,7,0
23437,0,64,14,2.967,1,8,0,8,7,1
23428,0,71,1,2.55,1,12,0,8,3,1
23395,0,73,7,2.767,0,11,0,3,9,0
23367,1,65,7,2.583,0,6,0,13,5,1
23363,0,55,8,3.133,1,14,0,4,6,0
23351,0,79,10,3.267,1,10,1,15,21,1
23290,0,92,13,3,0,12,0,12,12,1
23258,0,72,6,2.8,0,7,0,12,8,1
23215,0,65,0,3.033,2,10,0,4,9,0
23214,1,55,10,3.917,1,10,0,11,19,0
23203,0,93,11,3.333,0,13,0,6,9,1
23190,0,73,0,2.683,0,8,0,5,5,0
23162,0,79,10,4.05,1,10,0,9,9,1
23161,0,77,8,3.05,1,14,0,9,10,0
23147,1,88,5,2.617,1,6,2,6,8,1
23114,0,73,0,2.467,1,5,1,5,4,1
23101,1,44,5,2.883,0,8,1,11,8,1
23100,1,75,11,2.833,0,7,1,4,4,0
23085,1,85,6,2.567,0,4,1,4,1,1
23084,1,70,15,2.45,0,4,0,5,2,1
23080,0,87,6,3.633,1,10,2,12,9,0
23074,0,68,5,2.933,0,7,0,11,10,1
23054,0,83,9,2.9,1,7,0,14,14,1
23049,0,59,5,3.15,0,18,0,7,11,0
23030,1,71,12,2.7,1,10,0,11,6,1
23004,0,80,15,3.35,0,12,0,5,9,0
23002,0,82,4,3.183,2,10,2,14,21,1
23000,1,67,5,4.017,0,10,0,8,11,1
22980,0,72,5,3.067,1,13,0,10,7,0
22972,0,81,3,3.3,1,7,0,8,9,1
22958,0,87,14,3.967,0,15,2,9,12,0
22940,0,77,0,3.133,0,7,0,8,5,1
22918,0,80,0,3.133,0,7,0,5,3,0
22895,0,82,6,4.117,2,14,0,7,9,0
22890,0,79,9,3.233,1,12,0,5,5,0
22859,0,85,7,3.283,0,9,1,11,13,1
22846,1,82,13,2.317,0,7,0,3,2,0
22845,0,75,7,2.7,1,6,1,10,7,1
22832,0,82,4,3.133,0,5,0,10,9,1
22820,0,71,4,2.783,0,9,0,10,9,1
22815,0,66,6,4.35,0,10,2,10,15,0
22806,0,76,0,5.567,0,18,1,13,15,0
22799,1,38,19,3,1,10,1,8,6,1
22786,0,81,5,3,1,16,1,8,9,0
22785,0,85,15,3.417,0,10,1,13,12,0
22735,0,75,8,2.917,0,6,2,4,1,0
22683,0,64,8,3.067,0,13,2,5,11,0
22683,0,78,10,3.6,2,10,1,12,18,0
22648,0,72,10,3.3,1,9,2,10,13,0
22642,1,75,0,2.45,0,6,0,9,3,1
22642,0,73,0,3.717,1,8,0,9,9,1
22636,0,55,12,3.383,2,8,0,9,13,1
22624,1,75,0,2.95,1,5,0,18,13,1
22624,0,61,5,3.183,1,16,1,4,10,0
22615,0,78,9,4.317,1,11,2,6,9,0
22611,0,89,7,3.583,1,11,3,8,12,0
22595,1,77,17,4.767,0,16,3,18,24,0
22588,0,76,10,3.833,1,16,1,20,29,0
22581,0,77,9,2.933,1,11,5,5,9,0
22569,0,75,13,3,0,11,0,12,8,1
22567,0,82,0,3.3,1,16,0,7,8,0
22561,1,82,10,3.033,3,8,0,9,7,0
22553,0,73,0,3.217,2,9,2,15,17,1
22498,0,69,11,2.667,0,11,0,5,5,0
22461,0,73,18,3.483,0,9,1,8,9,1
22454,0,70,13,3.817,2,8,1,8,10,0
22437,0,75,7,3.033,0,8,1,4,5,0
22417,0,67,15,3.05,0,12,1,9,12,0
22394,1,78,0,3.067,1,9,0,10,10,1
22376,1,52,5,3.15,0,7,0,6,9,0
22348,0,71,6,3.033,0,14,1,10,13,1
22333,0,79,0,2.267,0,6,2,7,4,1
22324,0,90,13,2.9,0,7,0,12,7,1
22288,0,84,14,2.467,0,6,1,11,5,1
22279,0,69,6,3.067,1,17,4,5,15,0
22274,0,74,17,3.2,1,4,0,12,14,1
22269,0,76,0,2.917,1,10,0,7,8,0
22261,0,85,7,3.067,0,12,1,9,12,0
22256,0,47,10,2.633,0,10,0,6,6,0
22253,1,85,2,2.8,0,8,0,11,15,1
22248,1,66,8,3.017,0,14,0,5,6,0
22230,0,68,6,2.617,0,4,1,7,5,1
22230,0,81,5,2.717,0,3,0,9,6,1
22198,0,67,8,2.8,0,7,0,9,7,1
22195,0,61,8,2.517,1,11,0,3,8,0
22194,0,74,2,3.117,0,10,1,8,13,0
22178,0,78,13,3.283,0,10,1,4,6,0
22162,0,82,13,3.083,0,13,0,9,10,0
22147,0,73,0,3.8,0,9,1,7,7,0
22133,0,73,0,2.383,0,6,1,4,5,0
22118,1,91,5,2.667,1,7,0,6,4,0
22113,1,52,10,2.883,0,7,0,7,3,1
22112,1,55,12,2.983,0,6,0,4,3,0
22110,0,67,9,2.833,0,5,0,4,5,0
22104,0,83,12,2.75,1,4,0,13,14,1
22092,1,65,15,3.05,0,6,3,9,7,0
22091,1,85,7,2.55,0,9,0,12,9,1
22086,0,77,0,2.767,1,7,0,6,9,0
22072,0,70,12,2.85,1,7,0,6,4,0
22053,0,64,12,3.383,1,12,0,13,15,0
22051,0,68,9,3,0,6,0,7,7,0
21993,0,73,8,2.883,0,5,0,6,7,0
21989,0,82,5,3.183,1,9,0,12,10,1
21907,1,66,0,3.467,0,12,0,9,10,0
21904,1,65,6,3.017,0,9,0,6,9,0
21891,0,68,7,3.117,1,7,0,18,16,1
21885,1,84,12,2.933,1,8,0,9,9,1
21877,0,79,10,3.667,0,11,1,6,9,1
21831,1,69,11,3.583,0,11,0,10,9,0
21830,0,89,4,3.233,0,9,0,15,17,1
21810,1,72,0,2.6,1,5,0,8,5,1
21772,0,74,8,3.017,1,3,1,7,1,0
21764,1,73,0,2.6,1,7,0,5,3,0
21759,0,73,0,3.333,1,19,0,6,13,0
21753,0,101,9,3,0,8,0,8,4,0
21719,0,78,5,3.333,0,5,1,10,7,0
21703,0,78,6,2.717,0,7,1,10,11,1
21671,0,64,12,2.65,0,10,2,12,10,1
21626,1,65,12,3.2,0,10,1,8,8,0
21621,0,55,24,2.383,0,5,0,8,5,1
21618,1,70,14,2.917,0,6,0,7,8,1
21608,0,59,9,2.65,1,4,0,11,8,1
21599,0,64,11,3.167,0,6,2,4,6,0
21588,0,68,9,2.433,2,2,1,4,4,1
21586,0,57,12,3.017,0,14,1,6,8,0
21585,0,77,4,2.85,0,10,0,7,7,0
21553,0,73,0,2.567,1,7,1,7,7,1
21550,0,72,17,2.85,0,10,0,6,8,0
21545,1,88,2,2.717,0,5,1,6,3,1
21534,0,75,3,2.95,0,12,1,11,19,1
21527,0,77,6,3.083,0,14,0,14,12,1
21523,0,84,6,3.017,0,9,1,11,7,1
21520,0,78,7,2.6,0,9,0,5,3,1
21498,0,88,8,3.067,0,8,1,9,12,0
21466,1,76,6,3.1,1,10,0,13,22,1
21460,0,80,13,3.483,0,11,0,8,10,1
21458,1,74,0,2.65,0,5,0,9,9,1
21441,0,76,12,2.95,1,6,0,11,5,1
21422,1,78,14,3.45,1,14,2,12,19,0
21401,1,75,0,2.817,0,11,0,9,9,1
21382,1,75,4,3.633,2,11,0,7,14,0
21376,0,64,13,3.45,0,17,2,6,18,0
21376,0,73,9,3.35,1,15,2,15,19,0
21374,0,98,9,3.35,0,7,0,6,5,1
21354,0,52,9,4.967,0,15,0,18,17,0
21352,0,68,0,3.5,1,11,0,14,13,1
21333,1,52,11,2.7,1,9,0,10,11,1
21322,1,78,10,3.233,0,8,0,5,2,0
21309,1,91,2,3.017,0,8,1,12,15,1
21226,1,72,12,3.433,1,9,3,13,17,1
21216,0,75,10,2.5,0,3,1,9,7,1
21203,0,75,2,2.683,0,13,0,5,8,0
21203,1,65,12,2.85,0,12,0,9,12,0
21187,1,73,0,3.2,0,15,1,11,16,0
21178,0,78,17,2.55,0,6,0,10,8,1
21175,0,54,1,3.2,0,10,0,4,10,0
21173,0,70,5,2.8,1,10,2,5,9,0
21173,0,70,9,3.35,1,10,1,10,9,0
21167,0,63,7,2.983,1,7,0,8,7,1
21153,0,75,9,3.017,0,7,1,5,10,1
21144,0,88,10,2.9,0,8,0,5,5,1
21144,1,63,1,2.483,0,5,0,6,8,1
21137,0,88,7,3.383,0,11,0,11,9,0
21134,0,67,13,3.05,0,7,1,8,6,0
21119,1,87,1,2.55,0,5,0,11,7,1
21110,1,86,8,3.033,4,10,0,13,15,1
21096,1,79,0,3.067,0,6,1,5,1,0
21090,0,78,0,3.367,0,12,0,4,6,0
21087,0,65,0,3.367,1,12,0,13,15,1
21078,0,67,14,2.35,1,6,1,14,11,1
21054,0,72,10,3.15,0,13,0,10,10,0
21043,0,57,17,2.967,2,4,1,4,3,1
21027,0,73,0,3.283,0,7,0,7,5,0
21008,0,68,6,2.85,0,9,0,4,3,0
20992,1,79,10,3.4,0,16,1,12,16,0
20988,0,65,7,3.25,0,19,1,7,17,0
20978,0,80,11,2.3,1,4,0,11,4,1
20976,0,80,11,3.517,0,10,1,8,7,0
20933,0,76,0,2.867,1,8,0,2,5,0
20933,0,73,0,2.533,0,4,1,3,4,0
20899,0,90,5,3.367,1,5,0,12,9,1
20897,0,93,11,3.467,0,8,0,17,15,1
20865,0,79,4,2.917,0,6,3,4,6,0
20849,1,79,0,2.9,0,8,3,6,8,0
20847,0,81,10,3.383,1,9,0,14,20,1
20829,0,76,10,3.133,2,13,0,7,9,0
20814,0,61,6,2.733,1,13,0,7,9,0
20806,0,72,13,2.983,1,17,1,8,15,0
20790,0,80,0,3.4,2,12,2,9,12,0
20773,0,86,8,3.117,0,20,2,6,9,0
20771,0,85,3,2.983,0,9,0,10,9,0
20750,0,82,8,3.967,1,15,1,14,22,1
20720,1,98,6,4.05,0,15,0,14,21,0
20696,0,81,4,3.083,1,9,0,11,9,1
20681,0,77,9,2.983,0,8,1,12,10,1
20674,0,64,6,2.983,0,9,0,9,7,0
20654,0,82,7,2.617,0,5,1,12,5,1
20653,0,75,6,3.183,1,7,3,13,9,1
20637,0,96,10,3.7,1,14,1,16,21,1
20633,0,79,6,3.333,1,5,0,9,8,0
20627,0,87,6,3.9,0,9,0,11,7,0
20623,0,73,0,4.083,1,6,0,7,3,1
20598,0,70,4,2.35,0,11,1,4,7,1
20577,0,70,9,1.917,0,8,1,5,3,0
20557,0,67,7,3.333,2,14,1,19,20,1
20556,0,61,13,2.883,0,9,1,7,6,0
20543,0,72,0,2.867,0,9,0,6,3,0
20527,0,77,8,2.917,2,5,2,6,7,1
20522,1,70,10,2.8,1,5,0,9,6,1
20519,0,65,4,3.567,0,18,2,10,14,0
20484,1,88,8,2.65,1,7,1,10,7,1
20473,1,80,5,2.7,0,7,0,11,9,1
20458,0,77,7,2.9,2,7,0,4,6,1
20448,0,64,7,3.117,0,7,1,19,21,1
20443,0,81,7,3.433,2,8,1,7,11,0
20441,0,74,10,2.883,0,6,1,14,14,1
20435,0,59,7,3.167,0,10,0,8,11,0
20394,0,60,8,2.767,0,5,0,9,9,1
20387,0,77,6,3.233,0,11,0,6,7,0
20387,0,74,9,3.25,0,11,0,5,12,0
20369,0,87,7,3.6,2,15,0,12,16,0
20365,0,78,0,2.683,0,4,0,9,5,1
20357,0,66,8,2.9,0,15,1,9,13,0
20329,0,72,8,3.217,0,15,0,9,13,1
20324,0,90,3,2.8,0,5,0,6,4,0
20309,0,86,12,2.917,0,7,0,12,10,1
20301,1,75,19,3.217,1,13,4,5,8,0
20296,0,81,7,3.333,0,7,1,5,5,0
20292,0,91,6,2.817,0,8,0,9,8,1
20288,0,87,7,2.667,0,7,1,18,18,1
20250,0,73,6,2.767,1,7,0,8,5,1
20238,0,71,4,3.917,1,12,0,9,16,0
20231,1,65,11,3.1,1,10,1,4,7,0
20227,0,43,5,3.317,1,12,0,8,13,0
20225,1,63,10,3.017,0,11,0,8,8,0
20222,0,73,0,2.817,1,3,1,8,8,1
20203,0,69,12,2.95,1,9,0,11,9,1
20196,1,60,11,2.933,0,6,0,2,2,0
20193,0,72,3,2.733,0,9,1,15,10,1
20192,1,32,13,2.717,3,7,1,10,10,1
20188,1,75,0,2.433,2,4,0,10,3,1
20188,1,72,0,3.25,0,12,0,13,14,1
20182,1,55,10,3.95,0,7,1,11,7,1
20173,0,72,6,3.117,1,9,2,6,9,0
20165,1,54,12,2.9,0,8,0,11,12,1
20159,0,63,17,3.217,1,7,0,11,11,1
20151,0,81,9,3.217,0,12,0,8,9,0
20148,0,72,14,3.55,0,7,1,13,11,0
20138,0,73,5,3.05,0,5,1,7,9,1
20127,1,89,9,3.117,0,13,0,9,9,0
20126,0,58,6,3.95,0,12,0,8,10,0
20125,0,84,8,3.4,1,10,1,9,12,0
20107,1,73,5,2.983,0,10,0,2,2,0
20098,1,66,0,3.317,0,6,2,9,7,1
20096,0,66,8,2.183,0,4,0,5,3,1
20076,1,77,0,2.867,1,13,3,11,14,0
20068,1,95,13,3.55,4,12,1,10,13,1
20059,1,84,8,3.267,0,8,2,8,9,0
20057,0,66,4,4.05,0,14,0,10,9,1
20048,0,84,13,2.883,0,6,1,4,3,0
20037,1,70,11,2.967,0,9,0,13,9,1
20035,0,88,14,2.833,1,9,0,10,7,1
20034,1,59,12,2.6,0,8,1,3,2,0
20033,1,73,0,2.717,0,8,1,6,7,1
20022,0,73,0,2.683,1,5,1,8,2,0
20017,0,77,0,2.883,0,8,0,9,5,0
20014,0,71,6,2.35,0,5,0,5,4,1
20011,0,84,10,2.383,1,11,1,2,9,0
20008,0,78,0,3.9,1,6,2,7,5,1
20007,0,76,0,3.183,0,7,1,9,1,0
20006,0,78,0,3.383,0,10,0,14,15,0
20002,0,70,4,2.5,0,5,0,7,3,1
19991,0,63,12,1.25,1,4,0,2,2,0
19983,0,81,3,2.817,1,12,0,10,10,1
19961,0,73,0,3.267,0,5,0,8,5,0
19919,0,79,0,3.3,1,15,1,11,14,0
19912,0,52,6,2.5,2,6,0,8,9,1
19907,0,76,0,3.9,1,4,0,7,7,1
19901,0,65,0,3.65,0,7,1,13,8,0
19894,0,79,7,4.65,0,13,0,15,9,1
19893,0,81,16,2.483,0,8,0,5,5,1
19883,1,76,0,2.6,0,8,0,6,4,0
19801,0,91,5,3.817,2,13,0,17,17,1
19796,0,62,1,2.9,0,9,0,12,5,1
19767,0,77,0,2.95,0,1,0,9,6,1
19748,1,72,0,2.75,1,1,1,6,3,0
19736,1,68,19,3,1,9,1,4,4,0
19713,0,70,1,4.85,1,16,0,16,11,1
19658,1,72,0,2.867,0,7,0,6,7,0
19655,1,80,0,3.383,0,8,0,17,15,1
19645,0,83,0,3.567,0,11,0,10,7,0
19636,0,78,0,2.967,0,3,1,4,2,1
19625,1,73,0,3.167,1,10,1,10,11,0
19598,0,54,2,2.833,0,4,0,7,1,1
19597,1,79,5,2.867,1,7,2,14,11,1
19545,1,72,0,3.083,1,12,0,6,13,0
19465,0,78,0,3.05,1,7,2,2,4,0
19461,0,98,10,3.217,0,8,0,10,6,0
19453,0,73,10,3.45,1,9,2,6,10,0
19451,0,65,12,3.25,1,12,1,5,6,0
19449,0,78,13,4.017,0,11,2,9,9,1
19448,0,82,4,3.083,0,4,0,13,13,1
19400,0,56,0,2.2,0,5,0,4,3,1
19400,0,60,4,3.6,3,15,1,21,21,1
19385,0,60,11,2.983,0,6,0,7,5,0
19361,0,95,6,3.233,3,6,0,6,5,1
19325,0,82,10,3.217,0,8,0,14,6,1
19304,0,89,7,3.4,0,14,0,8,13,0
19283,0,69,0,2.467,0,5,1,6,9,1
19282,0,73,11,3.067,0,16,3,7,12,0
19281,0,87,12,3.417,0,4,0,15,12,1
19233,0,72,3,3.45,1,12,0,9,13,0
19227,0,62,2,2.783,0,10,0,17,16,1
19211,1,92,6,2.9,0,7,2,9,7,1
19206,0,75,2,2.667,0,9,1,5,8,0
19193,1,85,7,3.267,1,7,0,11,11,1
19192,0,63,12,3.15,0,7,1,12,15,1
19178,0,67,6,2.783,0,9,0,4,4,1
19174,1,79,5,2.95,0,10,0,6,5,0
19115,0,75,7,3.083,0,6,0,4,5,0
19074,0,76,6,2.783,0,11,0,5,10,0
19072,0,81,11,3.1,1,8,1,11,13,1
19064,1,77,10,2.45,1,6,1,12,10,1
19052,0,78,8,2.75,0,12,1,6,9,0
19045,0,78,0,3.217,3,8,3,8,7,0
19020,0,70,13,3.3,0,10,0,7,10,1
19013,0,61,12,3.017,0,9,0,6,3,1
19007,0,63,16,2.933,0,6,1,12,10,1
18979,1,75,10,2.783,0,5,0,11,9,1
18937,0,75,16,3.033,2,7,0,13,14,1
18933,0,75,6,2.417,0,3,1,6,3,1
18873,1,87,7,3.367,0,4,0,7,1,1
18843,0,80,4,2.633,0,5,0,11,10,1
18812,0,60,2,3.917,0,12,1,7,15,0
18792,0,81,15,3.067,0,18,2,7,13,0
18780,0,77,0,3.383,0,12,2,5,11,0
18751,1,61,8,3.333,2,9,1,14,11,0
18707,0,70,5,3.35,0,13,1,8,18,0
18698,0,77,0,2.917,1,8,1,2,4,0
18677,0,48,8,3.333,1,6,0,10,7,1
18663,0,80,7,3.4,1,11,2,8,11,0
18653,1,87,13,3.933,0,9,1,10,8,0
18638,0,72,0,2.55,0,7,0,4,3,0
18613,0,73,0,2.75,2,4,0,8,6,1
18603,1,78,0,3.883,2,17,1,15,17,0
18572,1,77,0,2.65,1,8,0,8,7,0
18572,0,84,9,2.9,0,8,1,4,6,0
18571,0,76,7,3.05,1,11,1,13,15,1
18565,1,83,11,3.233,1,8,0,8,10,0
18531,0,65,10,2.883,0,8,1,8,4,0
18513,0,80,0,2.833,0,6,0,7,1,0
18469,0,79,0,2.883,0,10,0,12,18,1
18456,0,72,2,2.55,0,9,1,4,7,0
18438,1,65,9,3.05,1,17,0,9,17,0
18431,1,72,9,3.467,1,9,3,11,3,0
18426,0,88,7,2.133,1,6,0,8,6,1
18415,0,78,9,3.383,2,6,0,17,13,1
18378,0,61,14,2.783,0,6,1,8,3,1
18376,0,60,11,3.3,0,11,2,7,9,0
18374,1,66,8,3.15,1,9,1,5,11,0
18347,0,84,8,3.433,1,7,0,5,3,0
18339,0,76,8,3.533,1,14,1,10,15,0
18323,0,74,10,2.667,1,7,0,6,6,0
18271,0,79,13,3.583,1,17,0,17,19,1
18243,0,71,12,3.133,0,8,0,5,8,0
18229,1,81,5,2.767,0,4,1,11,5,1
18208,0,76,0,3.433,1,11,0,18,19,1
18201,0,58,4,2.633,0,10,0,6,4,0
18188,0,66,0,2.733,0,3,1,9,4,1
18187,0,76,0,3.283,1,12,0,7,8,0
18179,0,70,11,4.717,0,13,1,13,7,1
18169,1,85,4,3.083,0,10,0,8,5,0
18149,1,67,6,3.733,0,14,2,11,17,0
18140,0,54,3,2.883,1,8,0,6,4,1
18119,0,72,10,3.083,1,8,0,11,10,1
18109,1,72,0,3.017,0,9,1,6,8,1
18079,1,60,7,2.45,1,3,0,3,3,1
18071,0,76,0,3.083,2,8,0,12,9,0
18024,0,72,0,3.483,2,12,0,18,20,1
17972,0,74,6,3.133,1,11,1,12,11,1
17969,0,75,0,3.183,0,12,0,14,13,1
17964,0,78,0,2.25,0,3,0,8,5,1
17961,0,77,0,2.183,0,4,0,3,1,1
17894,0,77,0,2.583,0,8,1,7,3,1
17886,0,74,14,3.483,1,17,1,12,14,0
17883,1,71,0,3.367,0,13,1,10,10,0
17861,1,72,0,2.883,1,5,1,5,5,0
17856,0,72,0,2.967,1,10,0,7,6,1
17836,0,77,0,3.167,0,8,3,4,11,0
17803,0,62,11,3.117,1,8,2,8,13,1
17775,0,77,0,3.867,2,6,1,13,13,1
17746,0,44,14,3.533,2,10,2,9,11,0
17685,1,72,0,3.017,1,7,0,8,12,1
17672,0,72,0,3,0,7,0,9,7,0
17664,0,83,2,2.8,0,10,1,7,8,0
17645,0,72,10,2.55,0,3,1,4,4,1
17644,0,68,6,3.15,0,4,0,10,5,1
17642,1,71,12,2.35,1,5,0,10,5,1
17638,0,55,3,2.6,3,6,1,5,3,1
17621,1,53,5,2.533,0,9,2,3,6,0
17611,0,83,5,3.467,0,11,0,6,6,0
17597,1,55,11,3.383,1,9,2,8,11,0
17518,0,81,0,3.383,0,19,1,5,15,0
17503,0,50,10,3.4,0,12,1,5,7,1
17493,0,65,2,3.367,0,8,0,11,9,1
17493,0,49,13,2.867,0,6,0,14,11,1
17471,0,63,1,3.2,0,9,0,11,11,1
17456,0,61,13,2.65,0,10,1,6,5,0
17403,0,84,11,3.783,3,16,0,11,19,0
17395,1,74,0,2.633,0,2,0,9,6,1
17374,0,67,9,2.85,0,7,0,8,3,0
17361,1,72,0,3.5,3,9,0,7,6,0
17340,0,80,0,3.483,2,12,1,16,16,1
17304,0,50,6,2.767,0,5,0,10,7,1
17302,1,69,5,2.683,0,12,0,6,7,0
17248,1,68,10,2.533,0,8,0,7,5,1
17226,1,77,16,3.333,2,11,3,11,14,0
17225,0,82,15,3.283,0,12,2,8,12,0
17214,0,80,0,2.833,2,9,1,7,7,1
17194,0,41,19,3.4,3,8,3,6,11,0
17176,0,82,17,3.383,0,15,1,8,18,0
17176,0,81,0,3.5,0,10,0,7,10,0
17175,0,79,7,3.467,0,13,1,9,12,0
17161,0,89,14,3.633,2,11,0,12,16,1
17106,1,83,12,3.8,0,9,0,11,8,0
17091,0,79,0,3.167,0,14,0,12,19,0
17086,1,76,0,2.983,0,14,0,5,11,0
17048,1,81,7,2.517,0,5,0,13,8,1
17043,0,71,0,2.8,1,9,0,8,7,1
17018,0,76,0,2.867,1,4,0,7,5,1
16986,0,72,0,3.183,0,11,0,6,10,0
16961,0,73,0,2.55,0,7,0,5,4,0
16954,1,76,0,3,0,10,0,10,9,0
16944,0,76,2,2.633,0,6,0,11,8,1
16938,0,69,9,3.133,0,8,1,12,15,1
16918,0,74,6,3.683,2,9,1,7,9,0
16905,0,62,10,2.917,0,9,1,14,13,1
16815,1,67,4,3.15,0,7,0,14,20,1
16801,0,72,0,2.383,1,6,0,2,1,0
16783,0,69,11,2.833,0,8,1,7,7,0
16775,0,67,1,3.417,2,10,1,13,19,1
16769,0,80,11,3.117,3,5,1,12,5,1
16747,1,78,13,2.35,0,3,0,9,7,1
16736,1,76,5,2.967,0,9,1,5,5,0
16704,0,74,4,2.783,0,5,0,9,4,1
16668,0,80,4,2.65,0,5,0,6,3,1
16652,0,83,5,3.167,2,6,0,14,18,1
16610,1,70,10,3.167,0,11,1,10,15,0
16600,0,88,9,2.85,0,8,1,7,3,0
16592,0,76,0,2.867,1,4,0,13,6,1
16529,0,72,0,2.633,0,10,0,5,7,0
16505,0,72,0,2.933,0,9,1,12,10,1
16503,0,86,7,2.833,0,6,1,2,3,0
16497,0,58,13,2.933,0,18,1,0,16,0
16468,0,83,0,2.9,0,6,0,7,3,1
16378,0,82,5,2.7,0,7,0,3,5,0
16370,0,61,5,2.667,0,7,2,9,5,0
16323,0,75,0,3.183,1,9,0,8,11,1
16314,0,80,9,4.567,0,14,3,16,19,1
16238,1,62,7,3.167,2,16,2,11,17,0
16190,0,79,7,3.2,1,7,0,6,8,0
16169,0,74,0,3,1,10,0,7,7,0
16161,0,85,6,3.2,1,9,0,8,8,0
16161,1,72,0,2.533,0,8,0,6,7,1
16112,0,73,0,2.717,1,6,0,10,7,1
16112,0,88,8,2.95,2,9,0,15,8,1
16100,0,82,9,2.733,1,7,1,4,11,0
16097,0,86,8,3.55,1,7,1,14,13,1
16096,0,78,4,3.333,1,10,0,12,13,1
16087,0,76,2,3.9,1,10,2,7,8,0
16083,0,84,4,2.567,0,7,1,7,8,1
16083,0,60,8,2.717,2,7,0,5,5,1
16056,0,89,10,2.967,0,9,1,4,4,0
16013,0,74,2,2.767,1,6,0,11,10,1
15998,0,52,9,3.267,0,10,1,7,7,0
15983,1,81,3,2.817,1,8,1,4,6,0
15835,0,82,14,3.55,0,14,0,13,16,0
15824,0,80,4,2.5,0,5,2,5,4,0
15808,0,72,10,2.8,1,10,0,6,7,0
15789,0,78,0,3.3,0,12,0,16,17,1
15723,0,89,3,2.483,0,5,0,1,4,0
15710,0,61,10,2.75,1,8,0,4,10,0
15690,1,76,3,4.033,1,21,0,14,27,0
15643,0,75,9,3.233,0,10,1,8,11,0
15630,0,85,8,2.733,0,10,0,7,8,0
15629,0,80,4,2.6,2,3,0,10,6,1
15603,0,72,0,3.15,2,7,1,10,10,1
15588,0,83,8,2.617,0,6,1,9,9,1
15556,1,74,0,3.183,1,12,0,9,13,0
15538,0,89,14,3.25,0,14,2,8,11,0
15532,0,89,4,2.583,0,7,0,4,6,0
15514,0,75,6,3.3,1,5,2,9,8,1
15486,0,45,17,2.683,1,5,0,7,5,1
15434,0,65,1,2.5,0,7,1,8,11,1
15428,1,50,17,3.133,0,11,0,7,9,0
15404,0,65,5,3.367,0,9,0,9,7,1
15376,0,79,0,4.767,0,14,0,18,19,1
15365,0,51,12,3.617,2,14,1,14,11,0
15337,0,67,3,2.683,0,3,0,7,5,1
15275,1,87,15,3.233,0,9,0,9,17,1
15273,0,61,11,3.633,0,18,0,9,15,0
15253,0,78,5,2.667,0,6,1,5,7,1
15250,0,69,15,3.517,1,7,0,10,1,1
15247,0,74,6,2.9,0,13,1,5,17,0
15230,0,66,3,3.083,1,4,0,9,7,1
15185,0,83,3,3.133,1,4,0,5,3,0
15155,0,91,13,2.9,0,7,0,8,2,1
15143,0,65,15,3.683,1,10,1,11,7,1
15116,0,72,0,2.967,1,7,0,8,8,0
15110,1,58,2,3.283,1,15,0,7,12,0
15109,0,72,0,2.933,1,11,0,6,8,0
15107,0,80,8,3.633,0,8,1,7,9,1
15075,1,55,1,3.333,3,6,1,8,6,1
15025,0,65,15,2.883,0,4,0,5,5,1
15018,0,79,6,3.2,0,19,0,7,17,0
14953,0,82,10,5.3,2,11,3,19,17,1
14948,0,72,0,2.867,1,3,1,9,7,1
14936,0,57,11,2.95,0,13,0,10,8,0
14918,0,65,4,3.267,0,13,1,12,12,1
14896,0,72,0,3.317,2,16,1,14,18,0
14890,0,63,15,3.133,3,4,0,9,6,1
14885,0,85,6,3.083,0,10,0,8,8,0
14878,0,83,4,2.617,1,5,1,7,5,1
14832,0,56,3,2.667,0,10,0,4,5,1
14810,0,67,13,3.533,1,10,1,13,8,1
14798,0,68,14,2.95,1,11,1,14,19,1
14792,0,65,16,3.25,0,11,0,8,8,0
14706,0,75,12,2.967,0,13,1,3,7,0
14697,0,72,0,2.6,0,4,2,4,5,0
14694,0,79,3,3.067,0,6,1,6,9,0
14671,0,78,0,2.533,0,6,1,7,3,1
14615,0,62,1,3.733,2,15,1,12,17,0
14604,0,72,0,3.117,1,11,0,5,9,0
14576,1,72,0,3.017,0,8,1,5,6,0
14568,0,48,5,3.167,1,10,0,15,12,1
14532,1,72,0,3.2,0,8,1,7,6,1
14514,0,79,3,2.6,0,11,4,11,11,0
14490,0,78,12,2.55,0,9,1,6,5,0
14477,0,54,3,2.683,1,12,1,2,10,0
14463,1,57,9,2.95,2,9,0,8,9,1
14440,0,76,6,2.567,0,9,0,8,9,1
14412,0,66,13,2.767,0,10,0,5,10,0
14383,0,45,9,2.767,0,11,0,3,7,0
14371,0,81,6,3.5,0,13,2,13,17,0
14368,0,76,4,3.017,1,6,1,6,7,0
14353,0,72,0,3.1,0,6,0,13,12,1
14323,1,72,10,2.517,0,4,0,12,9,1
14309,0,58,5,3.083,0,10,0,3,4,0
14257,1,72,0,2.783,0,6,0,10,8,1
14236,1,69,8,2.583,0,9,1,2,6,0
14190,1,76,9,3.2,0,4,1,9,3,1
14173,0,59,1,3.383,0,9,1,10,11,0
14160,0,80,2,2.95,3,5,0,10,9,1
14116,0,72,0,3.183,0,13,1,8,15,0
14110,0,79,0,2.867,0,12,0,10,12,1
14108,0,82,7,2.667,2,8,2,8,9,1
14073,0,67,10,2.317,0,4,0,12,9,1
13976,0,72,0,2.617,1,9,0,1,3,0
13973,0,80,6,3.117,1,6,1,8,5,1
13936,1,87,8,3.483,0,13,1,13,9,0
13888,0,75,12,3.333,0,7,0,13,7,1
13884,1,72,0,3.3,0,10,0,8,8,0
13857,0,77,14,3.133,1,7,0,11,4,1
13829,0,63,7,3.283,0,14,0,8,15,0
13821,0,59,0,3.033,1,3,1,13,12,1
13811,0,89,14,2.433,0,5,2,11,11,1
13760,0,85,7,2.333,2,4,0,10,6,1
13679,0,72,0,2.717,0,7,0,9,7,0
13665,0,65,13,3.067,0,9,1,11,8,1
13623,0,75,4,2.75,1,6,1,5,3,1
13610,1,61,10,2.867,0,12,1,7,5,0
13587,0,57,11,2.733,0,9,0,9,8,1
13586,1,66,14,2.883,0,13,1,5,6,0
13576,0,72,0,3.217,0,9,1,5,8,0
13573,0,64,11,2.417,0,3,0,6,3,1
13554,0,72,0,3.367,0,13,2,9,7,0
13537,0,72,0,3.1,0,14,2,4,12,0
13492,0,58,13,2.683,1,10,0,7,9,0
13481,0,61,14,2.4,0,7,0,4,1,1
13481,0,52,16,3.9,0,11,2,11,11,0
13468,0,57,2,3,0,14,0,7,10,0
13453,0,63,17,3.1,1,9,3,17,19,1
13376,0,51,0,2.583,1,12,0,4,8,0
13371,0,63,11,3.083,0,9,0,10,5,0
13359,0,85,10,3.133,1,8,1,5,8,0
13355,0,72,0,2.617,0,8,1,7,2,1
13240,0,78,8,2.867,1,5,0,9,7,1
13236,1,45,20,2.65,0,7,1,9,6,0
13226,0,72,0,3.35,1,8,0,10,13,1
13198,0,90,9,3.367,1,9,0,10,17,0
13176,0,75,4,2.967,0,3,2,5,4,0
13141,0,60,13,2.717,1,4,0,13,10,1
13126,1,72,0,3.183,0,8,0,6,6,0
13120,1,72,0,2.7,1,9,0,4,5,1
13101,0,62,21,3.133,0,13,1,11,16,0
13095,0,57,6,3.317,0,5,0,17,14,1
13088,0,57,8,2.783,1,10,0,9,14,1
13078,1,90,6,3.3,1,10,0,13,11,1
13075,0,72,0,3.317,0,11,0,8,7,1
13062,0,80,7,3.733,1,11,2,7,8,0
12996,0,72,0,2.617,0,5,0,5,2,1
12982,0,79,7,3,1,6,0,12,9,1
12979,1,72,7,2.917,0,8,0,9,11,1
12976,0,57,13,2.167,0,3,0,5,1,1
12926,0,78,10,2.583,2,4,0,10,10,1
12869,0,84,9,4.85,0,11,0,9,5,0
12795,1,62,8,2.617,1,9,0,10,6,1
12785,1,66,11,2.983,1,4,1,5,3,1
12777,0,80,10,2.683,1,7,0,4,6,0
12767,0,72,9,3.233,1,12,0,12,11,1
12757,0,72,0,3.117,0,9,1,7,5,1
12732,0,72,0,2.817,1,10,0,5,8,0
12718,0,76,12,2.75,0,15,2,12,13,1
12649,1,72,0,3.483,0,12,2,8,9,0
12625,0,72,0,3.067,2,9,0,9,5,0
12622,0,48,7,3.183,0,5,0,9,6,1
12602,0,72,0,2.867,2,6,0,8,11,1
12588,0,79,13,3.5,2,8,2,16,15,1
12584,0,63,9,2.633,0,13,0,6,10,0
12582,0,81,5,2.983,1,13,0,5,7,0
12577,1,69,10,3.1,1,10,2,4,7,0
12298,0,66,14,2.233,0,5,1,4,5,1
12256,1,72,0,2.583,0,9,1,2,10,0
12239,0,72,0,4.633,2,8,0,8,5,1
12207,0,72,0,3.133,1,14,1,8,13,0
12192,0,72,0,3.1,0,17,0,8,16,0
12184,0,64,16,3.217,2,12,1,19,21,1
12161,0,72,0,2.95,0,10,1,7,8,0
12139,0,61,9,3.017,0,8,0,3,3,0
12103,0,61,6,2.617,0,5,0,9,5,1
12093,0,50,14,2.767,0,3,0,9,5,1
12063,0,87,1,3.1,0,12,0,12,11,1
12059,1,72,0,2.533,0,7,0,7,3,1
11937,0,78,7,3.167,0,10,1,9,9,1
11896,0,72,0,3.683,1,9,0,12,7,1
11866,1,79,4,3.183,1,2,0,10,5,1
11850,0,72,0,2.717,0,3,0,4,4,0
11811,0,75,16,2.75,0,8,0,12,12,1
11525,1,64,3,3.933,1,15,0,8,17,0
11455,0,72,0,3.2,1,10,0,10,15,1
11418,1,70,8,2.8,0,6,0,5,5,0
11399,1,72,0,2.85,0,15,1,7,10,0
11345,1,69,10,2.55,0,6,0,11,6,1
11331,1,72,0,3.5,0,13,3,12,10,0
11327,0,78,13,3.317,1,9,0,8,1,1
11267,0,72,0,3.3,0,9,3,9,9,0
11249,0,72,0,3.15,0,5,1,6,3,0
11216,1,63,11,3.05,1,11,0,3,6,0
11197,1,62,13,3.217,1,9,0,7,11,0
11168,1,72,0,2.75,1,2,0,9,5,1
11149,0,72,0,2.983,3,2,0,14,12,1
11142,0,51,5,2.533,0,9,1,8,6,1
11131,0,73,4,2.9,3,12,1,11,9,1
11023,0,84,4,3.05,1,7,0,7,7,0
11022,0,52,5,3.2,0,12,0,10,10,1
10988,0,72,0,2.733,0,9,0,7,4,1
10856,0,75,0,2.617,0,14,0,3,10,0
10793,0,72,0,3.3,0,7,1,16,16,1
10784,1,43,17,3.067,1,9,1,12,16,1
10729,0,72,0,3.417,1,11,0,14,17,0
10715,1,72,0,3.333,0,13,2,5,6,0
10651,0,66,17,3.1,0,10,2,11,11,1
10637,0,74,0,2.6,0,5,0,10,4,1
10537,1,72,0,3.417,0,10,1,13,13,1
10535,0,67,17,2.75,0,12,1,6,7,0
10524,0,72,13,3.5,0,8,0,10,9,1
10478,0,70,8,3.467,0,11,0,10,9,0
10428,0,73,11,2.85,0,11,0,8,10,0
10417,0,72,0,2.833,0,3,0,8,10,1
10407,0,61,14,2.483,0,7,0,7,5,1
10350,0,54,10,2.9,1,5,1,16,13,1
10298,0,60,7,3.483,1,10,0,9,13,1
10283,0,72,0,2.567,0,5,0,5,6,1
10251,1,72,0,2.533,0,5,0,6,2,1
10117,0,72,0,2.533,0,5,2,5,5,0
10115,0,63,20,3.133,2,10,0,7,12,0
10114,0,58,15,2.483,1,7,0,4,1,0
10072,0,73,13,2.683,0,7,0,3,6,0
10068,0,65,12,2.467,1,4,0,4,4,1
9890,0,54,13,2.8,1,3,1,4,3,0
9393,0,52,13,2.933,0,6,0,10,5,1
8766,0,54,11,2.317,0,5,0,5,4,1