latitude,temperature,salinity,ph,oxygen,enterococcus,quality
26.013386,19.95,31.8,7.69,6.08,20,1
25.814849,19.09,31.8,7.65,6.08,0.99,1
26.025014,22.35,31.8,7.31,6.08,95,1
25.930998,20.43,31.8,7.4,6.08,84,1
25.972378,28.81,31.8,7.66,6.08,31,1
26.0165,19.98,31.8,7.65,6.08,0.99,1
26.022352,19.99,31.8,7.46,6.08,292,0
26.058156,20.25,31.8,7.61,6.08,20,1
26.082873,20.04,31.8,7.6,6.08,908,0
25.721483,18.46,31.8,7.59,6.08,0.99,1
25.832737,19.1,31.8,7.6,6.08,0.99,1
25.922304,19.87,31.8,7.5,6.08,31,1
25.972378,22.15,31.8,7.87,6.08,0.99,1
26.013386,19.95,31.8,7.69,6.08,0.99,1
25.814849,19.09,31.8,7.65,6.08,10,1
26.025014,22.35,31.8,7.31,6.08,41,1
25.930998,20.43,31.8,7.4,6.08,41,1
25.972378,22.15,31.8,7.87,6.08,0.99,1
26.0165,19.98,31.8,7.65,6.08,0.99,1
26.022352,19.99,31.8,7.46,6.08,60,1
26.058156,20.25,31.8,7.61,6.08,0.99,1
26.082873,20.04,31.8,7.6,6.08,0.99,1
25.721483,18.46,31.8,7.59,6.08,663,0
25.832737,19.1,31.8,7.6,6.08,70,1
25.922304,19.87,31.8,7.5,6.08,10,1
25.972378,28.81,31.8,7.66,6.08,0.99,1
26.013386,20.47,31.8,7.58,6.08,0.99,1
25.814849,18.96,31.8,7.58,6.08,0.99,1
26.025014,21.43,31.8,7.58,6.08,10,1
25.930998,20.17,31.8,7.58,6.08,119,1
25.972378,20.9,31.8,7.58,6.08,0.99,1
26.0165,20.3,31.8,7.58,6.08,20,1
26.022352,20.6,31.8,7.58,6.08,90,1
26.058156,20.32,31.8,7.58,6.08,437,0
26.082873,19.52,31.8,7.58,6.08,1338,0
25.721483,18.3,31.8,7.58,6.08,10,1
25.832737,19.02,31.8,7.58,6.08,0.99,1
25.922304,18.83,31.8,7.58,6.08,0.99,1
25.972378,24.32,31.8,7.58,6.08,0.99,1
26.013386,18,31.8,8.05,6.08,0.1,1
25.814849,20.06,31.8,7.89,6.08,0.99,1
26.025014,27.01,31.8,7.53,6.08,20,1
25.930998,23.78,31.8,7.89,6.08,31,1
25.972378,23.55,31.8,7.93,6.08,0.99,1
26.0165,21.86,31.8,7.96,6.08,0.99,1
26.022352,22.02,31.8,7.91,6.08,0.99,1
26.058156,21.54,31.8,7.98,6.08,0.99,1
26.082873,21.4,31.8,7.91,6.08,0.99,1
25.721483,19.94,31.8,7.79,6.08,0.99,1
25.832737,20.1,31.8,7.92,6.08,0.99,1
25.922304,23.88,31.8,8.02,6.08,10,1
25.972378,23.08,31.8,7.95,6.08,10,1
26.013386,21.58,32.4,8.05,7.09,0.99,1
25.814849,20.81,32.9,7.89,7.09,0.99,1
26.025014,28.1,22.7,7.53,7.09,20,1
25.930998,24.79,29.9,7.89,7.09,135,1
25.972378,25.27,33.5,7.93,7.09,0.99,1
26.0165,22.58,32.6,7.96,7.09,0.99,1
26.022352,22.59,32.8,7.91,7.09,0.99,1
26.058156,22.32,33,7.98,7.09,0.99,1
26.082873,22.53,33,7.91,7.09,0.99,1
25.721483,20.45,32,7.79,7.09,0.99,1
25.832737,21.18,32.6,7.92,7.09,0.99,1
25.922304,22.79,33,8.02,7.09,0.99,1
25.972378,23.07,33.3,7.95,7.09,0.99,1
26.013386,22.58,32.5,7.95,7.09,0.99,1
25.814849,20.63,33.4,7.96,7.09,0.99,1
26.025014,26.38,23.9,7.28,7.09,770,0
25.930998,22.49,31.5,7.89,7.09,98,1
25.972378,23.99,32.6,8.09,7.09,10,1
26.0165,22.63,32.6,7.95,7.09,0.99,1
26.022352,22.63,32.5,7.74,7.09,0.99,1
26.058156,22.28,33.5,7.99,7.09,0.99,1
26.082873,22.25,33.6,8.01,7.09,0.99,1
25.721483,20.53,33.1,7.94,7.09,0.99,1
25.832737,20.83,33.1,7.98,7.09,0.99,1
25.922304,22.58,32.9,7.93,7.09,10,1
25.972378,22.83,33.4,7.92,7.09,0.99,1
26.013386,21.72,32.3,8.06,7.16,0.99,1
25.814849,21.47,32.5,8,7.16,0.99,1
26.025014,26.4,23.6,7.52,7.16,41,1
25.930998,23.09,33.1,7.88,7.16,75,1
25.972378,22.93,33.9,8,7.16,0.99,1
26.0165,21.91,32.7,8.08,7.16,0.99,1
26.0165,23.13,31.1,8.1,7.16,0.99,1
26.022352,22.9,31.9,8.09,7.16,0.99,1
26.022352,21.92,32.6,7.95,7.16,31,1
26.058156,22.4,32.8,8.1,7.16,0.99,1
26.082873,22.27,33.7,8.08,7.16,0.99,1
25.721483,21.27,32.3,8.02,7.16,0.99,1
25.832737,22.1,32.6,8.02,7.16,0.99,1
25.832737,21.88,32.5,8.07,7.16,0.99,1
25.922304,22.61,33.2,7.99,7.16,0.99,1
25.972378,23.24,34,8.01,7.16,0.99,1
25.972378,24.35,31.6,8.07,7.16,0.99,1
26.013386,28.8,32.8,8.21,6.8,0.99,1
25.814849,23.5,33.3,8.45,6.8,0.99,1
26.025014,24.4,33,8.01,6.8,0.99,1
25.930998,25.41,35.2,7.98,6.8,41,1
26.001124,24,32.8,8.13,6.8,0.99,1
26.0165,24.45,33.2,7.98,6.8,0.99,1
26.022352,24.45,33.2,7.98,6.8,0.99,1
26.058156,24.39,30,8.02,6.8,0.99,1
26.082873,24.28,30.2,7.99,6.8,20,1
25.721483,21.53,32.6,8.09,6.8,0.99,1
25.832737,23.5,33.2,8.17,6.8,0.99,1
25.922304,23.55,33.6,8.09,6.8,20,1
25.972378,23.96,32.7,8.16,6.8,0.99,1
26.013386,27.23,33.6,7.09,6.8,52,1
25.814849,22.35,32.5,7.55,6.8,0.99,1
26.025014,24.52,33.1,8.21,6.8,31,1
25.930998,24.1,33.6,8.02,6.8,0.99,1
26.001124,25.23,33.1,8.13,6.8,31,1
26.0165,24.35,32.8,7.5,6.8,52,1
26.022352,24.2,33.3,8.16,6.8,75,1
26.058156,23.27,32.4,7.5,6.8,20,1
26.082873,24.4,33.5,8.06,6.8,41,1
25.721483,21.4,33.6,7.52,6.8,0.99,1
25.832737,23.5,33.2,7.98,6.8,10,1
25.922304,25.3,32.5,7.92,6.8,10,1
25.972378,25.24,32.5,8.15,6.8,0.99,1
26.013386,23.55,32.6,7.98,6.9,790,0
25.814849,21.05,32.8,7.88,6.9,63,1
25.814849,27,33.6,7.96,6.9,9139,0
26.025014,24.2,32.8,8.1,6.9,536,0
25.930998,22.45,33.2,7.96,6.9,0.99,1
26.001124,24.01,33.5,8.02,6.9,10,1
26.0165,23.5,32.5,7.95,6.9,1292,0
26.022352,22.58,33.4,8.01,6.9,75,1
26.058156,24.2,32.5,7.75,6.9,1076,0
26.082873,24.02,33.4,7.99,6.9,143,1
25.721483,20.5,32.5,7.85,6.9,0.99,1
25.721483,23.61,32.1,7.83,6.9,9600,0
25.832737,22.3,33.4,7.93,6.9,0.99,1
25.922304,23.15,33.1,8.01,6.9,10,1
25.972378,24.01,32.3,8.01,6.9,406,0
26.013386,27.41,32.1,8.07,6.9,9600,0
26.025014,21.79,21.5,7.49,6.9,0.99,1
25.930998,26.79,32.3,7.92,6.9,0.99,1
26.001124,22.5,33.3,7.99,6.9,9600,0
26.0165,27.75,32.8,8,6.9,7915,0
26.022352,27.85,32.5,7.94,6.9,9139,0
26.058156,27.93,32.8,8.04,6.9,0.99,1
26.082873,27.93,32.8,8.01,6.9,20,1
25.832737,26.11,32,7.93,6.9,9600,0
25.922304,26.35,33.3,7.98,6.9,0.99,1
25.972378,20.44,33.4,7.9,6.9,9600,0
26.013386,28.72,32.5,8.01,6.33,0.99,1
25.814849,27.86,32.8,8.02,6.33,10,1
26.025014,30.23,32.8,7.76,6.33,0.99,1
25.930998,26.83,32.4,7.43,6.33,0.99,1
26.001124,30.81,29.5,7.92,6.33,9600,0
26.0165,28.79,32.8,7.97,6.33,0.99,1
26.022352,28.77,33.2,7.91,6.33,0.99,1
26.058156,28.93,33,8.06,6.33,9600,0
26.082873,28.54,32.9,8.07,6.33,0.99,1
25.721483,26.62,32.1,8.02,6.33,20,1
25.832737,27.03,32.4,7.94,6.33,0.99,1
25.922304,28.25,32,7.98,6.33,0.99,1
25.972378,29.54,33.2,7.98,6.33,0.99,1
26.013386,30.12,32.2,8.09,6.33,0.99,1
25.814849,28.8,32.5,8.04,6.33,10,1
26.025014,30.25,32.3,7.87,6.33,0.99,1
25.930998,28.62,31.8,7.97,6.33,0.99,1
26.001124,29.51,32.8,8.02,6.33,0.99,1
26.0165,30.07,32.3,8.06,6.33,0.99,1
26.022352,30.1,32.9,7.96,6.33,10112,0
26.058156,32.15,32.3,8.07,6.33,9600,0
26.082873,31.4,29.8,7.14,6.33,8297,0
25.721483,28,32,7.89,6.33,10,1
25.832737,28.73,30.1,7.93,6.33,6400,0
25.922304,29.16,30.3,7.95,6.33,8704,0
25.972378,26.29,33,8.02,6.33,0.99,1
26.013386,31.45,32.3,8.15,6.33,31,1
25.814849,29.74,33.1,8.01,6.33,0.99,1
26.025014,33.08,23.9,7.51,6.33,31,1
25.930998,31.7,33.6,7.88,6.33,210,0
26.001124,32.35,33.1,8.06,6.33,0.99,1
26.0165,31.41,32.1,8.09,6.33,63,1
26.022352,31.72,32.8,7.98,6.33,282,0
26.058156,31.54,32.4,8.13,6.33,203,0
26.082873,32.07,32.6,8.09,6.33,110,1
25.721483,33.41,32.6,8,6.33,110,1
25.832737,29.55,32.9,8.07,6.33,10,1
25.922304,30.83,31.7,8.01,6.33,31,1
25.972378,32.56,32.9,8.06,6.33,0.99,1
26.013386,32.53,33,8.06,6.09,0.99,1
25.814849,29.97,32.9,8.08,6.09,0.99,1
26.025014,32.53,22.5,7.64,6.09,0.99,1
25.930998,30.69,32.6,8.13,6.09,0.99,1
26.001124,33.12,32.5,8.02,6.09,0.99,1
26.0165,31.43,32.3,8.01,6.09,0.99,1
26.022352,30.66,29.5,7.87,6.09,0.99,1
26.058156,31.03,31.2,8.13,6.09,0.99,1
26.082873,30.01,32.6,8.14,6.09,0.99,1
25.721483,29.96,32.4,8,6.09,0.99,1
25.832737,30.17,32.7,8.1,6.09,0.99,1
25.922304,30.33,32.8,8.08,6.09,0.99,1
25.972378,33.01,32.1,8.01,6.09,0.99,1
26.013386,29.27,32.6,8.06,6.09,10,1
25.814849,27.5,33.5,8.03,6.09,0.99,1
26.025014,30.77,21.8,7.61,6.09,0.99,1
25.930998,28.05,34.6,7.95,6.09,0.99,1
26.001124,31.04,33.2,8.06,6.09,0.99,1
26.0165,29.8,33,7.94,6.09,0.99,1
26.022352,29.55,32.8,7.66,6.09,0.99,1
26.058156,28.63,33.1,8.03,6.09,0.99,1
26.082873,28.45,33.2,8.04,6.09,0.99,1
25.721483,26.08,32.7,8,6.09,0.99,1
25.832737,27.84,32.7,8.05,6.09,96,1
25.922304,28.07,33.1,8,6.09,0.99,1
25.972378,29.88,33.4,8.03,6.09,0.99,1
26.013386,30.93,33,8.06,5.94,0.99,1
25.814849,30.25,32.9,8.05,5.94,0.99,1
26.025014,30.89,33.4,8.09,5.94,10,1
25.930998,30.16,33,8.08,5.94,0.99,1
26.001124,31.05,32.9,8.05,5.94,0.99,1
26.0165,30.93,33,8.06,5.94,10,1
26.022352,30.89,33,8.08,5.94,0.99,1
26.082873,30.32,33,8.07,5.94,10112,0
26.058156,31,33,8.11,5.94,0.99,1
25.721483,29.92,32.9,8.09,5.94,20,1
25.832737,29.96,32.9,8.08,5.94,0.99,1
25.922304,30.28,33,8.1,5.94,0.99,1
25.972378,30.93,33,8.06,5.94,0.99,1
26.013386,28.26,31,8.02,5.94,618,0
25.814849,28.82,32,8.09,5.94,0.99,1
26.025014,29.47,30,8.57,5.94,10112,0
25.930998,28.52,30.2,8.93,5.94,81,1
26.001124,28.01,32.2,8.01,5.94,1008,0
26.0165,28.17,32,8.07,5.94,74,1
26.022352,28.21,32.8,8.07,5.94,10112,0
26.058156,28.62,32.6,7.81,5.94,10112,0
25.922304,26.82,33.1,8.03,5.94,10112,0
26.082873,33.63,32.9,8,5.94,226,0
25.721483,26.82,32.5,8,5.94,0.99,1
25.832737,26.92,32.6,8.04,5.94,0.99,1
25.972378,28.96,31.1,8.65,5.94,6015,0
26.013386,27.68,32.4,7.37,6.01,0.99,1
25.814849,26,32.1,7.31,6.01,8297,0
26.025014,28.71,31.7,7.28,6.01,9606,0
25.930998,26.03,24.7,7.14,6.01,7556,0
26.001124,27.64,32.2,7.33,6.01,9139,0
26.0165,27.86,32.2,7.39,6.01,0.99,1
26.022352,27.96,32.2,7.38,6.01,7556,0
26.058156,29.94,31.8,7.34,6.01,0.99,1
25.832737,26.01,31.9,7.32,6.01,10112,0
26.082873,29.94,31.7,7.36,6.01,8297,0
25.721483,26.64,31.7,7.36,6.01,9606,0
25.922304,26.09,24.8,7.13,6.01,8704,0
25.972378,27.1,32.3,7.3,6.01,6167,0
26.013386,27.07,32.1,7.32,6.01,10112,0
25.814849,26.46,32.1,7.34,6.01,0.99,1
26.025014,28.17,30.6,7.25,6.01,9606,0
25.930998,26.63,29.5,7.3,6.01,0.99,1
26.001124,26.79,32.2,7.32,6.01,10112,0
26.0165,27.27,29.9,7.31,6.01,10112,0
26.058156,28.4,32.1,7.28,6.01,0.99,1
26.082873,28.25,32.1,7.36,6.01,0.99,1
26.022352,27.59,32.1,7.27,6.01,10112,0
25.721483,24.98,32,7.22,6.01,0.99,1
25.832737,27.08,32,7.36,6.01,0.99,1
25.922304,25.94,31.8,7.28,6.01,6893,0
25.972378,25.82,32.2,7.3,6.01,0.99,1
26.013386,26.09,31.4,7.18,6.12,10,1
25.814849,25.93,31.8,7.24,6.12,0.99,1
26.025014,26.09,32.3,7.31,6.12,0.99,1
25.930998,25.19,33.1,7.35,6.12,0.99,1
26.001124,25.81,33.8,7.27,6.12,0.99,1
26.0165,25.83,31.9,7.31,6.12,0.99,1
26.022352,26.09,32.3,7.31,6.12,0.99,1
26.058156,25.82,32.2,7.37,6.12,0.99,1
26.082873,26.04,32.3,7.31,6.12,0.99,1
25.721483,26.1,32.1,7.16,6.12,0.99,1
25.832737,25.19,33.1,7.35,6.12,0.99,1
25.922304,25.83,32.3,7.17,6.12,0.99,1
25.972378,25.96,32.1,7.17,6.12,0.99,1
26.013386,22.09,31.5,7.24,6.12,0.99,1
25.814849,23.18,24.7,7.27,6.12,0.99,1
26.025014,22.42,32.4,7.31,6.12,0.99,1
25.930998,20.52,29.8,7.25,6.12,10,1
26.001124,22.25,31.5,7.34,6.12,61,1
26.0165,22.11,31.6,7.29,6.12,20,1
26.022352,22.5,32.4,7.27,6.12,10,1
26.058156,22.89,29.3,7.23,6.12,0.99,1
26.082873,22.69,26.2,7.22,6.12,10,1
25.721483,22.7,31.5,7.14,6.12,20,1
25.832737,22.67,26.2,7.26,6.12,0.99,1
25.922304,23.1,32,7.32,6.12,20,1
25.972378,23.44,32.3,7.25,6.12,41,1
26.013386,22.5,32.1,7.02,6.08,0.99,1
25.814849,22.5,32.1,7.02,6.08,0.99,1
26.025014,22.5,32.1,7.02,6.08,0.99,1
25.930998,22.5,32.1,7.02,6.08,0.99,1
26.001124,22.5,32.1,7.02,6.08,0.99,1
26.0165,22.5,32.1,7.02,6.08,0.99,1
26.022352,22.5,32.1,7.02,6.08,0.99,1
26.058156,22.5,32.1,7.02,6.08,0.99,1
26.082873,22.5,32.1,7.02,6.08,0.99,1
25.721483,22.5,32.1,7.02,6.08,0.99,1
25.832737,22.5,32.1,7.02,6.08,0.99,1
25.922304,22.5,32.1,7.02,6.08,0.99,1
25.972378,22.5,32.1,7.02,6.08,0.99,1
26.013386,20.81,32.5,7.1,6.08,0.99,1
25.814849,20.81,32.5,7.1,6.08,0.99,1
26.025014,20.81,32.5,7.1,6.08,0.99,1
25.930998,20.81,32.5,7.1,6.08,0.99,1
26.001124,20.81,32.5,7.1,6.08,10,1
26.0165,20.81,32.5,7.1,6.08,0.99,1
26.022352,20.81,32.5,7.1,6.08,0.99,1
26.058156,20.81,32.5,7.1,6.08,0.99,1
26.082873,20.81,32.5,7.1,6.08,0.99,1
25.721483,20.81,32.5,7.1,6.08,0.99,1
25.832737,20.81,32.5,7.1,6.08,0.99,1
25.922304,20.81,32.5,7.1,6.08,10,1
25.972378,20.81,32.5,7.1,6.08,0.99,1
26.013386,22.5,32,7.12,7.09,0.99,1
25.814849,22.5,32,7.12,7.09,0.99,1
26.001124,22.5,32,7.12,7.09,0.99,1
26.0165,22.5,32,7.12,7.09,0.99,1
26.022352,22.5,32,7.12,7.09,0.99,1
26.058156,22.5,32,7.12,7.09,0.99,1
26.082873,22.5,32,7.12,7.09,0.99,1
25.721483,22.5,32,7.12,7.09,0.99,1
25.832737,22.5,32,7.12,7.09,0.99,1
25.922304,22.5,32,7.12,7.09,0.99,1
25.972378,22.5,32,7.12,7.09,0.99,1
26.013386,22.6,32.1,7.12,7.16,0.99,1
25.814849,22.6,32.1,7.12,7.16,0.99,1
26.001124,22.6,32.1,7.12,7.16,0.99,1
26.0165,22.6,32.1,7.12,7.16,0.99,1
26.022352,22.6,32.1,7.12,7.16,0.99,1
26.058156,22.6,32.1,7.12,7.16,0.99,1
26.082873,22.6,32.1,7.12,7.16,0.99,1
25.721483,22.6,32.1,7.12,7.16,0.99,1
25.832737,22.6,32.1,7.12,7.16,0.99,1
25.922304,22.6,32.1,7.12,7.16,0.99,1
25.972378,22.6,32.1,7.12,7.16,0.99,1
26.013386,22.6,32.1,7.12,7.16,11,1
25.814849,22.6,32.1,7.12,7.16,10,1
26.001124,22.6,32.1,7.12,7.16,146,1
26.0165,22.6,32.1,7.12,7.16,20,1
26.022352,22.6,32.1,7.12,7.16,41,1
26.058156,22.6,32.1,7.12,7.16,0.99,1
26.082873,22.6,32.1,7.12,7.16,0.99,1
25.721483,22.6,32.1,7.12,7.16,20,1
25.832737,22.6,32.1,7.12,7.16,10,1
25.922304,22.6,32.1,7.12,7.16,0.99,1
25.972378,22.6,32.1,7.12,7.16,0.99,1
26.013386,22.6,32.1,7.2,7.16,0.99,1
25.814849,22.6,32.1,7.2,7.16,0.99,1
26.001124,22.6,32.1,7.2,7.16,0.99,1
26.0165,22.6,32.1,7.2,7.16,0.99,1
26.022352,22.6,32.1,7.2,7.16,0.99,1
26.058156,22.6,32.1,7.2,7.16,0.99,1
26.082873,22.6,32.1,7.2,7.16,0.99,1
25.721483,22.6,32.1,7.2,7.16,0.99,1
25.832737,22.6,32.1,7.2,7.16,0.99,1
25.922304,22.6,32.1,7.2,7.16,0.99,1
25.972378,22.6,32.1,7.2,7.16,0.99,1
26.013386,24.3,32.9,7.2,6.8,0.99,1
25.814849,24.3,32.9,7.2,6.8,0.99,1
26.001124,24.3,32.9,7.2,6.8,0.99,1
26.0165,24.3,32.9,7.2,6.8,0.99,1
26.022352,24.3,32.9,7.2,6.8,0.99,1
26.058156,24.3,32.9,7.2,6.8,0.99,1
26.082873,24.3,32.9,7.2,6.8,0.99,1
25.721483,24.3,32.9,7.2,6.8,0.99,1
25.832737,24.3,32.9,7.2,6.8,0.99,1
25.922304,24.3,32.9,7.2,6.8,0.99,1
25.972378,24.3,32.9,7.2,6.8,0.99,1
26.013386,22.6,32.9,7.2,6.8,0.99,1
25.814849,22.6,32.9,7.2,6.8,0.99,1
26.001124,22.6,32.9,7.2,6.8,0.99,1
26.0165,22.6,32.9,7.2,6.8,0.99,1
26.022352,22.6,32.9,7.2,6.8,0.99,1
26.058156,22.6,32.9,7.2,6.8,2382,0
26.082873,22.6,32.9,7.2,6.8,0.99,1
25.721483,22.6,32.9,7.2,6.8,0.99,1
25.832737,22.6,32.9,7.2,6.8,0.99,1
25.922304,22.6,32.9,7.2,6.8,0.99,1
25.972378,22.6,32.9,7.2,6.8,0.99,1
26.013386,22.6,32.9,7.2,6.8,0.99,1
25.814849,22.6,32.9,7.2,6.8,0.99,1
26.025014,22.6,32.9,7.2,6.8,0.99,1
25.930998,22.6,32.9,7.2,6.8,0.99,1
26.001124,22.6,32.9,7.2,6.8,0.99,1
26.0165,22.6,32.9,7.2,6.8,0.99,1
26.022352,22.6,32.9,7.2,6.8,0.99,1
26.058156,22.6,32.9,7.2,6.8,0.99,1
26.082873,22.6,32.9,7.2,6.8,0.99,1
25.721483,22.6,32.9,7.2,6.8,0.99,1
25.832737,22.6,32.9,7.2,6.8,0.99,1
25.922304,22.6,32.9,7.2,6.8,0.99,1
25.972378,22.6,32.9,7.2,6.8,0.99,1
26.013386,23.3,32.4,7.94,6.9,10,1
25.814849,23.3,32.4,7.94,6.9,10,1
26.025014,23.3,32.4,7.94,6.9,0.99,1
25.930998,23.3,32.4,7.94,6.9,0.99,1
26.001124,23.3,32.4,7.94,6.9,0.99,1
26.0165,23.3,32.4,7.94,6.9,0.99,1
26.022352,23.3,32.4,7.94,6.9,0.99,1
26.058156,23.3,32.4,7.94,6.9,0.99,1
26.082873,23.3,32.4,7.94,6.9,0.99,1
25.721483,23.3,32.4,7.94,6.9,0.99,1
25.832737,23.3,32.4,7.94,6.9,0.99,1
25.922304,23.3,32.4,7.94,6.9,0.99,1
25.972378,23.3,32.4,7.94,6.9,0.99,1
26.013386,25.7,32.4,7.94,6.9,0.99,1
25.814849,25.7,32.4,7.94,6.9,0.99,1
26.025014,25.7,32.4,7.94,6.9,0.99,1
25.930998,25.7,32.4,7.94,6.9,0.99,1
26.001124,25.7,32.4,7.94,6.9,0.99,1
26.0165,25.7,32.4,7.94,6.9,0.99,1
26.022352,25.7,32.4,7.94,6.9,0.99,1
26.058156,25.7,32.4,7.94,6.9,0.99,1
26.082873,25.7,32.4,7.94,6.9,0.99,1
25.721483,25.7,32.4,7.94,6.9,0.99,1
25.832737,25.7,32.4,7.94,6.9,0.99,1
25.922304,25.7,32.4,7.94,6.9,0.99,1
25.972378,25.7,32.4,7.94,6.9,0.99,1
26.013386,25.7,32.4,7.94,6.9,0.99,1
25.814849,25.7,32.4,7.94,6.9,0.99,1
26.025014,25.7,32.4,7.94,6.9,0.99,1
25.930998,25.7,32.4,7.94,6.9,0.99,1
26.001124,25.7,32.4,7.94,6.9,0.99,1
26.0165,25.7,32.4,7.94,6.9,0.99,1
26.022352,25.7,32.4,7.94,6.9,0.99,1
26.058156,25.7,32.4,7.94,6.9,0.99,1
26.082873,25.7,32.4,7.94,6.9,0.99,1
25.721483,25.7,32.4,7.94,6.9,0.99,1
25.832737,25.7,32.4,7.94,6.9,0.99,1
25.922304,25.7,32.4,7.94,6.9,0.99,1
25.972378,25.7,32.4,7.94,6.9,0.99,1
26.013386,28.5,31.5,7.95,6.33,0.99,1
25.814849,28.5,31.5,7.95,6.33,0.99,1
26.025014,28.5,31.5,7.95,6.33,0.99,1
25.930998,28.5,31.5,7.95,6.33,0.99,1
26.001124,28.5,31.5,7.95,6.33,0.99,1
26.0165,28.5,31.5,7.95,6.33,0.99,1
26.022352,28.5,31.5,7.95,6.33,0.99,1
26.058156,28.5,31.5,7.95,6.33,0.99,1
26.082873,28.5,31.5,7.95,6.33,0.99,1
25.721483,28.5,31.5,7.95,6.33,0.99,1
25.832737,28.5,31.5,7.95,6.33,0.99,1
25.922304,28.5,31.5,7.95,6.33,0.99,1
25.972378,28.5,31.5,7.95,6.33,0.99,1
26.013386,29.6,31.5,7.95,6.33,0.99,1
25.814849,29.6,31.5,7.95,6.33,0.99,1
26.025014,29.6,31.5,7.95,6.33,0.99,1
25.930998,29.6,31.5,7.95,6.33,0.99,1
26.001124,29.6,31.5,7.95,6.33,0.99,1
26.0165,29.6,31.5,7.95,6.33,0.99,1
26.022352,29.6,31.5,7.95,6.33,0.99,1
26.058156,29.6,31.5,7.95,6.33,0.99,1
26.082873,29.6,31.5,7.95,6.33,0.99,1
25.721483,29.6,31.5,7.95,6.33,0.99,1
25.832737,29.6,31.5,7.95,6.33,0.99,1
25.922304,29.6,31.5,7.95,6.33,0.99,1
25.972378,29.6,31.5,7.95,6.33,0.99,1
26.013386,29.6,31.5,7.95,6.33,0.99,1
25.814849,29.6,31.5,7.95,6.33,0.99,1
26.025014,29.6,31.5,7.95,6.33,0.99,1
25.930998,29.6,31.5,7.95,6.33,0.99,1
26.001124,29.6,31.5,7.95,6.33,0.99,1
26.0165,29.6,31.5,7.95,6.33,0.99,1
26.022352,29.6,31.5,7.95,6.33,0.99,1
26.058156,29.6,31.5,7.95,6.33,0.99,1
26.082873,29.6,31.5,7.95,6.33,0.99,1
25.721483,29.6,31.5,7.95,6.33,0.99,1
25.832737,29.6,31.5,7.95,6.33,0.99,1
25.922304,29.6,31.5,7.95,6.33,0.99,1
25.972378,29.6,31.5,7.95,6.33,0.99,1
26.013386,31.6,31.5,7.95,6.33,0.99,1
25.814849,31.6,31.5,7.95,6.33,0.99,1
26.025014,31.6,31.5,7.95,6.33,0.99,1
25.930998,31.6,31.5,7.95,6.33,0.99,1
26.001124,31.6,31.5,7.95,6.33,0.99,1
26.0165,31.6,31.5,7.95,6.33,0.99,1
26.022352,31.6,31.5,7.95,6.33,0.99,1
26.058156,31.6,31.5,7.95,6.33,0.99,1
26.082873,31.6,31.5,7.95,6.33,0.99,1
25.721483,31.6,31.5,7.95,6.33,0.99,1
25.832737,31.6,31.5,7.95,6.33,0.99,1
25.922304,31.6,31.5,7.95,6.33,0.99,1
25.972378,31.6,31.5,7.95,6.33,0.99,1
26.013386,31.1,31.2,7.99,6.09,0.99,1
25.814849,31.1,31.2,7.99,6.09,0.99,1
26.025014,31.1,31.2,7.99,6.09,0.99,1
25.930998,31.1,31.2,7.99,6.09,0.99,1
26.001124,31.1,31.2,7.99,6.09,0.99,1
26.0165,31.1,31.2,7.99,6.09,0.99,1
26.022352,31.1,31.2,7.99,6.09,0.99,1
26.058156,31.1,31.2,7.99,6.09,0.99,1
26.082873,31.1,31.2,7.99,6.09,0.99,1
25.721483,31.1,31.2,7.99,6.09,0.99,1
25.832737,31.1,31.2,7.99,6.09,0.99,1
25.922304,31.1,31.2,7.99,6.09,0.99,1
25.972378,31.1,31.2,7.99,6.09,0.99,1
26.013386,28.8,31.2,7.99,6.09,0.99,1
25.814849,28.8,31.2,7.99,6.09,0.99,1
26.025014,28.8,31.2,7.99,6.09,0.99,1
25.930998,28.8,31.2,7.99,6.09,0.99,1
26.001124,28.8,31.2,7.99,6.09,0.99,1
26.0165,28.8,31.2,7.99,6.09,0.99,1
26.022352,28.8,31.2,7.99,6.09,0.99,1
26.058156,28.8,31.2,7.99,6.09,0.99,1
26.082873,28.8,31.2,7.99,6.09,0.99,1
25.721483,28.8,31.2,7.99,6.09,0.99,1
25.832737,28.8,31.2,7.99,6.09,0.99,1
25.922304,28.8,31.2,7.99,6.09,0.99,1
25.972378,28.8,31.2,7.99,6.09,0.99,1
26.013386,28.8,31.2,7.99,6.09,0.99,1
25.814849,28.8,31.2,7.99,6.09,0.99,1
26.025014,28.8,31.2,7.99,6.09,0.99,1
25.930998,28.8,31.2,7.99,6.09,0.99,1
26.001124,28.8,31.2,7.99,6.09,0.99,1
26.0165,28.8,31.2,7.99,6.09,0.99,1
26.022352,28.8,31.2,7.99,6.09,0.99,1
26.058156,28.8,31.2,7.99,6.09,0.99,1
26.082873,28.8,31.2,7.99,6.09,0.99,1
25.721483,28.8,31.2,7.99,6.09,0.99,1
25.832737,28.8,31.2,7.99,6.09,0.99,1
25.922304,28.8,31.2,7.99,6.09,0.99,1
25.972378,28.8,31.2,7.99,6.09,0.99,1
26.013386,30.5,32.4,8.13,5.94,0.99,1
25.814849,30.5,32.4,8.13,5.94,0.99,1
26.025014,30.5,32.4,8.13,5.94,0.99,1
25.930998,30.5,32.4,8.13,5.94,0.99,1
26.001124,30.5,32.4,8.13,5.94,0.99,1
26.0165,30.5,32.4,8.13,5.94,0.99,1
26.022352,30.5,32.4,8.13,5.94,0.99,1
26.058156,30.5,32.4,8.13,5.94,0.99,1
26.082873,30.5,32.4,8.13,5.94,0.99,1
25.721483,30.5,32.4,8.13,5.94,0.99,1
25.832737,30.5,32.4,8.13,5.94,0.99,1
25.922304,30.5,32.4,8.13,5.94,0.99,1
25.972378,30.5,32.4,8.13,5.94,0.99,1
26.013386,27.5,32.4,8.13,5.94,240,0
25.814849,27.5,32.4,8.13,5.94,115,1
26.025014,27.5,32.4,8.13,5.94,0.99,1
25.930998,27.5,32.4,8.13,5.94,0.99,1
26.001124,27.5,32.4,8.13,5.94,0.99,1
26.0165,27.5,32.4,8.13,5.94,230,0
26.022352,27.5,32.4,8.13,5.94,201,0
26.058156,27.5,32.4,8.13,5.94,0.99,1
26.082873,27.5,32.4,8.13,5.94,0.99,1
25.721483,27.5,32.4,8.13,5.94,83,1
25.832737,27.5,32.4,8.13,5.94,14,1
25.922304,27.5,32.4,8.13,5.94,0.99,1
25.972378,27.5,32.4,8.13,5.94,0.99,1
26.013386,28.5,33,8.13,5.94,41,1
25.814849,28.5,33,8.13,5.94,0.99,1
26.025014,28.5,32,8.13,5.94,0.99,1
25.930998,28.5,33,8.13,5.94,0.99,1
26.001124,28.5,32,8.13,5.94,10,1
26.0165,28.5,33,8.13,5.94,0.99,1
26.022352,28.5,32,8.13,5.94,0.99,1
26.058156,28.5,32,8.13,5.94,93,1
26.082873,28.5,33,8.13,5.94,0.99,1
25.721483,28.5,33,8.13,5.94,62,1
25.832737,28.5,33,8.13,5.94,41,1
25.922304,28.5,32,8.13,5.94,0.99,1
25.972378,28.5,32,8.13,5.94,0.99,1
26.013386,28.5,32,8.13,5.94,0.99,1
25.814849,28.5,33,8.13,5.94,0.99,1
26.025014,28.5,32,8.13,5.94,0.99,1
25.930998,28.5,32,8.13,5.94,0.99,1
26.001124,28.5,33,8.13,5.94,0.99,1
26.0165,28.5,32,8.13,5.94,0.99,1
26.022352,28.5,32,8.13,5.94,0.99,1
26.058156,28.5,33,8.13,5.94,0.99,1
26.082873,28.5,33,8.13,5.94,0.99,1
25.721483,28.5,32,8.13,5.94,0.99,1
25.832737,28.5,32,8.13,5.94,0.99,1
25.922304,28.5,33,8.13,5.94,0.99,1
25.972378,28.5,32,8.13,5.94,0.99,1
26.013386,27.5,32,7.3,6.01,0.99,1
25.814849,27.5,33,7.3,6.01,537,0
26.025014,27.5,32,7.3,6.01,0.99,1
25.930998,27.5,32,7.3,6.01,0.99,1
26.001124,27.5,33,7.3,6.01,0.99,1
26.0165,27.5,33,7.3,6.01,148,1
26.022352,27.5,32,7.3,6.01,0.99,1
26.058156,27.5,33,7.3,6.01,0.99,1
26.082873,27.5,32,7.3,6.01,0.99,1
25.721483,27.5,32,7.3,6.01,318,0
25.832737,27.5,32,7.3,6.01,437,0
25.922304,27.5,32,7.3,6.01,0.99,1
25.972378,27.5,33,7.3,6.01,0.99,1
26.013386,27.5,33,7.3,6.01,0.99,1
25.814849,27.5,33,7.3,6.01,0.99,1
26.025014,27.5,33,7.3,6.01,0.99,1
25.930998,27.5,32,7.3,6.01,0.99,1
26.001124,27.5,32,7.3,6.01,0.99,1
26.0165,27.5,32,7.3,6.01,0.99,1
26.022352,27.5,33,7.3,6.01,0.99,1
26.058156,27.5,32,7.3,6.01,0.99,1
26.082873,27.5,32,7.3,6.01,0.99,1
25.721483,27.5,32,7.3,6.01,0.99,1
25.832737,27.5,32,7.3,6.01,0.99,1
25.922304,27.5,32,7.3,6.01,0.99,1
25.972378,27.5,32,7.3,6.01,0.99,1
26.013386,27.5,32,7.3,6.01,0.99,1
25.814849,27.5,32,7.3,6.01,0.99,1
26.025014,27.5,32,7.3,6.01,0.99,1
25.930998,27.5,32,7.3,6.01,0.99,1
26.001124,27.5,32,7.3,6.01,0.99,1
26.0165,27.5,32,7.3,6.01,0.99,1
26.022352,27.5,32,7.3,6.01,0.99,1
26.058156,27.5,32,7.3,6.01,0.99,1
26.082873,27.5,32,7.3,6.01,0.99,1
25.721483,27.5,32,7.3,6.01,0.99,1
25.832737,27.5,32,7.3,6.01,0.99,1
25.922304,27.5,32,7.3,6.01,0.99,1
25.972378,27.5,32,7.3,6.01,0.99,1
26.013386,26.9,32,7.3,6.01,0.99,1
25.814849,26.9,33,7.3,6.01,550,0
26.025014,26.9,33,7.3,6.01,0.99,1
25.930998,26.9,32,7.3,6.01,0.99,1
26.001124,26.9,33,7.3,6.01,0.99,1
26.0165,26.9,32,7.3,6.01,0.99,1
26.022352,26.9,33,7.3,6.01,0.99,1
26.058156,26.9,33,7.3,6.01,0.99,1
26.082873,26.9,33,7.3,6.01,10112,0
25.972378,26.9,33,7.3,6.01,11070,0
25.721483,26.9,33,7.3,6.01,1392,0
25.832737,26.9,32,7.3,6.01,300,0
25.922304,26.9,32,7.3,6.01,0.99,1
26.013386,26.9,32,7.3,6.01,0.99,1
25.814849,26.9,33,7.3,6.01,0.99,1
26.025014,26.9,32,7.3,6.01,0.99,1
25.930998,26.9,32,7.3,6.01,0.99,1
26.001124,26.9,32,7.3,6.01,0.99,1
26.0165,26.9,32,7.3,6.01,0.99,1
26.022352,26.9,32,7.3,6.01,0.99,1
26.058156,26.9,32,7.3,6.01,0.99,1
26.082873,26.9,33,7.3,6.01,0.99,1
25.721483,26.9,32,7.3,6.01,0.99,1
25.832737,26.9,32,7.3,6.01,0.99,1
25.922304,26.9,32,7.3,6.01,0.99,1
25.972378,26.9,32,7.3,6.01,0.99,1
26.013386,26.2,36,7.26,6.12,0.99,1
25.814849,26.2,32,7.26,6.12,10,1
26.025014,26.2,32,7.26,6.12,0.99,1
26.001124,26.2,34,7.26,6.12,31,1
26.0165,26.2,34,7.26,6.12,0.99,1
26.022352,26.2,32,7.26,6.12,10,1
26.058156,26.2,30,7.26,6.12,0.99,1
26.082873,26.2,33,7.26,6.12,10,1
25.721483,26.2,32.5,7.26,6.12,63,1
25.832737,26.2,32.5,7.26,6.12,10,1
25.922304,26.2,34,7.26,6.12,147,1
25.972378,26.2,33,7.26,6.12,30,1
26.013386,26.2,32,7.26,6.12,0.99,1
25.814849,26.2,33,7.26,6.12,0.99,1
26.025014,26.2,32,7.26,6.12,0.99,1
25.930998,26.2,32,7.26,6.12,0.99,1
26.001124,26.2,32,7.26,6.12,0.99,1
26.0165,26.2,33,7.26,6.12,0.99,1
26.022352,26.2,32,7.26,6.12,0.99,1
26.058156,26.2,32,7.26,6.12,0.99,1
26.082873,26.2,32,7.26,6.12,0.99,1
25.721483,26.2,32,7.26,6.12,0.99,1
25.832737,26.2,32,7.26,6.12,0.99,1
25.922304,26.2,32,7.26,6.12,0.99,1
25.972378,26.2,33,7.26,6.12,0.99,1
26.013386,22.5,34,7.26,6.12,10,1
25.814849,22.5,34,7.26,6.12,10112,0
26.025014,22.5,32,7.26,6.12,0.99,1
25.930998,22.5,32,7.26,6.12,0.99,1
26.001124,22.5,32,7.26,6.12,0.99,1
26.0165,22.5,32,7.26,6.12,0.99,1
26.022352,22.5,32,7.26,6.12,0.99,1
26.058156,22.5,33,7.26,6.12,0.99,1
26.082873,22.5,34,7.26,6.12,0.99,1
25.721483,22.5,33,7.26,6.12,0.99,1
25.832737,22.5,32,7.26,6.12,0.99,1
25.922304,22.5,32,7.26,6.12,0.99,1
25.972378,22.5,31,7.26,6.12,0.99,1
26.013386,19,30,7.23,6.74,0.99,1
25.814849,19,31,7.23,6.74,0.99,1
26.025014,19,32,7.23,6.74,0.99,1
25.930998,19,32,7.23,6.74,0.99,1
26.001124,19,32,7.23,6.74,0.99,1
26.0165,19,32,7.23,6.74,0.99,1
26.022352,19,33,7.23,6.74,0.99,1
26.058156,19,32,7.23,6.74,0.99,1
26.082873,19,33,7.23,6.74,0.99,1
25.721483,19,32,7.23,6.74,0.99,1
25.832737,19,32,7.23,6.74,0.99,1
25.922304,19,34,7.23,6.74,0.99,1
25.972378,19,34,7.23,6.74,0.99,1
26.013386,19.5,32.5,7.23,6.74,3130,0
25.814849,19.5,32,7.23,6.74,0.99,1
26.025014,19.5,32,7.23,6.74,0.99,1
25.930998,19.5,32,7.23,6.74,0.99,1
26.001124,19.5,32,7.23,6.74,0.99,1
26.0165,19.5,33,7.23,6.74,1561,0
26.022352,19.5,32.5,7.23,6.74,0.99,1
26.058156,19.5,32,7.23,6.74,0.99,1
26.082873,19.5,31,7.23,6.74,0.99,1
25.721483,19.5,32,7.23,6.74,0.99,1
25.832737,19.5,33,7.23,6.74,0.99,1
25.922304,19.5,33,7.23,6.74,0.99,1
25.972378,19.5,32.5,7.23,6.74,0.99,1
25.930998,26.2,32,7.26,6.12,0.99,1
26.013386,20.81,33,7.58,6.08,917,0
25.814849,20.81,32.5,7.58,6.08,0.99,1
26.001124,20.81,32,7.58,6.08,0.99,1
26.0165,20.81,33,7.58,6.08,0.99,1
26.022352,20.81,33,7.58,6.08,1000,0
26.058156,20.81,32.5,7.58,6.08,408,0
26.082873,20.81,34,7.58,6.08,0.99,1
25.721483,20.81,32,7.58,6.08,0.99,1
25.972378,20.81,32,7.58,6.08,0.99,1
25.832737,20.81,33,7.58,6.08,0.99,1
25.922304,20.81,32.5,7.58,6.08,0.99,1
25.972378,20.81,32.5,7.58,6.08,0.99,1
26.013386,19,33,7.58,6.08,0.99,1
25.814849,17,33,7.58,6.08,31,1
26.001124,16,33,7.58,6.08,0.99,1
26.0165,18,33,7.58,6.08,0.99,1
26.022352,18,32,7.58,6.08,0.99,1
26.058156,18,33,7.58,6.08,0.99,1
26.082873,19,32,7.58,6.08,0.99,1
25.721483,17,32,7.58,6.08,0.99,1
25.972378,17,33,7.58,6.08,0.99,1
25.832737,18,33,7.58,6.08,0.99,1
25.922304,18,33,7.58,6.08,0.99,1
25.972378,17,33,7.58,6.08,41,1
26.013386,20,33,7.74,6.08,0.99,1
25.814849,17,32,7.74,6.08,0.99,1
26.001124,20,33,7.74,6.08,0.99,1
26.0165,21,32,7.74,6.08,0.99,1
26.022352,20,33,7.74,6.08,0.99,1
26.058156,20,33,7.74,6.08,0.99,1
26.082873,21,34,7.74,6.08,0.99,1
25.721483,15,32,7.74,6.08,0.99,1
25.972378,20,32,7.74,6.08,0.99,1
25.832737,20,33,7.74,6.08,0.99,1
25.922304,18,32,7.74,6.08,0.99,1
25.972378,18,32,7.74,6.08,0.99,1
26.013386,17,32,7.74,6.08,0.99,1
25.814849,16,33,7.74,6.08,0.99,1
26.001124,17,32,7.74,6.08,0.99,1
26.0165,18,32,7.74,6.08,0.99,1
26.022352,18,33,7.74,6.08,75,1
26.058156,18,32,7.74,6.08,74,1
26.082873,17,32,7.74,6.08,98,1
25.721483,16,33,7.74,6.08,0.99,1
25.972378,16,32,7.74,6.08,0.99,1
25.832737,17,33,7.74,6.08,0.99,1
25.922304,17,34,7.74,6.08,0.99,1
25.972378,17,33,7.74,6.08,0.99,1
26.013386,18,33,7.9,7.09,0.99,1
25.814849,17,33,7.9,7.09,0.99,1
26.001124,18,33,7.9,7.09,0.99,1
26.0165,18,32,7.9,7.09,0.99,1
26.022352,18,33,7.9,7.09,0.99,1
26.058156,18,32,7.9,7.09,0.99,1
26.082873,18,33,7.9,7.09,0.99,1
25.721483,17,32,7.9,7.09,0.99,1
25.972378,17,33,7.9,7.09,0.99,1
25.832737,18,32,7.9,7.09,0.99,1
25.972378,18,32,7.9,7.09,0.99,1
25.814849,18,32,7.9,7.09,0.99,1
26.001124,18,33,7.9,7.09,0.99,1
26.0165,18,33,7.9,7.09,0.99,1
26.022352,18,33,7.9,7.09,0.99,1
26.058156,18,33,7.9,7.09,0.99,1
26.082873,18,32,7.9,7.09,0.99,1
25.721483,18,33,7.9,7.09,0.99,1
25.972378,18,33,7.9,7.09,0.99,1
25.832737,18,32,7.9,7.09,0.99,1
25.922304,18,33,7.9,7.09,0.99,1
25.972378,18,34,7.9,7.09,0.99,1
26.013386,17,34,7.9,7.09,0.99,1
25.814849,16,32,7.9,7.09,0.99,1
26.001124,17,34,7.9,7.09,0.99,1
26.0165,17,32,7.9,7.09,0.99,1
26.022352,17,32,7.9,7.09,0.99,1
26.058156,17,32,7.9,7.09,0.99,1
26.082873,17,32,7.9,7.09,10,1
25.721483,16,32,7.9,7.09,0.99,1
25.972378,16,33,7.9,7.09,0.99,1
25.832737,16,32,7.9,7.09,0.99,1
25.922304,16,32,7.9,7.09,0.99,1
25.972378,16,34,7.9,7.09,10,1
26.013386,21.89,33.6,8.36,6.88,97,1
25.814849,21.57,33.8,8.39,7.31,10,1
26.001124,21.5,33.8,8.38,7.18,183,1
26.0165,21.76,33.9,8.38,7.05,94,1
26.022352,21.73,33.7,8.37,7.06,0.99,1
26.058156,21.78,33.9,8.38,7.07,52,1
26.082873,22.17,33.8,8.37,6.97,0.99,1
25.721483,22.25,33.6,8.34,6.95,256,0
25.972378,21,33.9,8.37,7.08,10,1
25.832737,21.85,33.9,8.38,7.2,548,0
25.922304,21.88,33.9,8.4,7.15,0.99,1
25.972378,21.63,33.9,8.38,7.13,0.99,1
26.013386,22.63,33.6,6.89,6.89,0.99,1
25.814849,22.93,34,8.31,8.31,0.99,1
26.001124,22.43,33.7,8.3,8.3,0.99,1
26.0165,22.37,33.8,6.9,6.9,0.99,1
26.022352,22.26,33.8,6.9,6.9,0.99,1
26.058156,21.71,33.8,6.89,6.89,0.99,1
26.082873,21.6,34,6.77,6.77,0.99,1
25.721483,21.52,33.7,8.08,8.08,0.99,1
25.972378,22.16,33.6,8.24,8.24,0.99,1
25.832737,22.34,33.9,8.29,8.29,0.99,1
25.922304,21.64,33.9,8.31,8.31,0.99,1
25.972378,22.34,34.1,8.28,8.28,0.99,1
26.013386,23.41,33.4,6.57,7.74,0.99,1
25.814849,23.67,34.3,6.59,6.68,0.99,1
26.001124,23.41,33.9,6.58,6.87,0.99,1
26.0165,23.7,34,6.58,6.72,0.99,1
26.022352,23.28,33.8,6.63,6.99,0.99,1
26.058156,23.53,34.2,6.62,6.94,0.99,1
26.082873,23.37,34.2,6.62,7.07,0.99,1
25.721483,22.7,34,6.26,5.91,0.99,1
25.972378,22.31,33.9,6.57,6.49,0.99,1
25.832737,22.74,34,6.6,6.72,0.99,1
25.922304,22.9,34.1,6.59,6.65,0.99,1
25.972378,23.18,34,6.58,6.87,0.99,1
26.013386,23.28,34.2,6.58,7.18,0.99,1
25.814849,23.88,34.1,6.55,6.84,0.99,1
26.001124,23.43,34.4,6.58,6.86,0.99,1
26.0165,23.45,34.3,6.6,6.88,0.99,1
26.022352,23.85,34.3,6.59,6.91,0.99,1
26.058156,23.28,34.5,6.6,7.15,0.99,1
26.082873,23.23,34.3,6.63,7.37,0.99,1
25.721483,23,34.3,6.55,7.05,0.99,1
25.972378,23.1,34.2,6.56,6.98,0.99,1
25.832737,23.04,34.2,6.58,6.99,0.99,1
25.922304,22.86,34.3,6.54,7.01,0.99,1
25.972378,23.21,34.2,6.58,6.8,0.99,1
26.013386,23.42,32.4,6.61,7.78,1510,0
25.814849,24.63,33.5,6.64,6.64,20,1
26.001124,23.9,33.7,6.58,6.92,10,1
26.0165,23.54,34,6.62,6.9,0.99,1
26.022352,23.64,34.1,6.61,6.81,10,1
26.058156,23.58,34.5,6.62,6.9,0.99,1
26.082873,24.02,33,6.36,7.79,0.99,1
25.721483,19.76,34.2,6.61,6.81,10,1
25.972378,21.77,34,6.58,6.8,31,1
25.832737,22.59,34,6.61,7.09,0.99,1
25.922304,21.83,30,6.49,7.53,10,1
25.972378,22.88,31,6.53,7.91,10,1
26.013386,23.84,34.2,6.45,6.25,20,1
25.814849,24.33,34.6,6.37,6.42,0.99,1
26.001124,24.16,34.5,6.47,6.73,0.99,1
26.0165,23.82,34.3,6.49,6.66,0.99,1
26.022352,23.76,34.6,6.47,6.8,0.99,1
26.058156,23.49,34.5,6.48,7.08,0.99,1
26.082873,23.29,34.6,6.48,7.33,0.99,1
25.721483,22.25,34.4,6.33,6.87,0.99,1
25.972378,23.22,34.4,6.37,6.87,0.99,1
25.832737,23.86,34.5,6.4,6.94,0.99,1
25.922304,23.95,34.4,6.44,6.85,0.99,1
25.972378,24.42,34.5,6.44,6.43,0.99,1
26.013386,25.52,33.7,6.46,6.8,0.99,1
25.814849,25.7,34.8,6.5,6.8,0.99,1
26.001124,25.49,34.5,6.48,6.8,0.99,1
26.0165,24.75,34.5,6.48,6.8,0.99,1
26.022352,24.83,34.4,6.53,6.8,0.99,1
26.058156,24.71,34.5,6.51,6.8,0.99,1
26.082873,24.91,34.7,6.52,6.8,0.99,1
25.721483,23.7,34.5,6.47,6.8,10,1
25.972378,23.26,34.4,6.47,6.8,0.99,1
25.832737,24.31,34.4,6.49,6.8,0.99,1
25.922304,24.23,34.2,6.53,6.8,0.99,1
25.972378,24.91,34.4,6.5,6.8,0.99,1
26.013386,24.09,34.4,6.68,8.52,10112,0
25.814849,26.12,34.7,6.74,6.6,10,1
26.001124,24.9,34.5,6.81,6.77,5335,0
26.0165,24.35,34.8,6.88,6.8,10112,0
26.022352,24.45,34.6,6.9,6.63,0.99,1
26.058156,24.93,34.7,6.7,7.11,0.99,1
26.082873,23.04,34.7,6.72,7.62,10,1
25.721483,22.22,34.5,6.62,6.51,10,1
25.972378,22.37,34.3,6.73,6.58,0.99,1
25.832737,23.92,34.6,6.73,7.02,0.99,1
25.922304,24.61,34.7,6.74,6.22,0.99,1
25.972378,24.52,34.8,6.78,6.4,0.99,1
26.013386,23.11,33.6,6.86,7.23,0.99,1
25.814849,26.24,34.8,6.79,6.61,0.99,1
26.001124,24.51,34.6,6.98,6.6,0.99,1
26.0165,23.55,34.4,6.78,6.59,0.99,1
26.022352,23.82,34.7,6.79,6.68,0.99,1
26.058156,23.81,34.5,6.79,6.87,0.99,1
26.082873,24.06,34.6,6.84,6.63,0.99,1
25.721483,23.04,34.3,6.62,6.59,0.99,1
25.972378,23.16,34.2,6.78,6.68,0.99,1
25.832737,23.87,34.4,6.8,6.08,0.99,1
25.922304,24.62,34.8,6.92,6.65,0.99,1
25.972378,24.21,34.6,7.02,6.44,0.99,1
26.013386,25.65,34.3,6.73,7.23,20,1
25.814849,26.79,34.9,6.65,6.57,0.99,1
26.001124,25.24,34.6,6.66,6.45,0.99,1
26.0165,25.67,34.6,6.68,6.61,10,1
26.022352,25.26,34.6,6.69,6.5,10,1
26.058156,25.14,34.7,6.65,6.66,0.99,1
26.082873,25.57,34.5,6.78,7.31,0.99,1
25.721483,24.78,34.7,6.69,6.49,0.99,1
25.972378,25.01,34.5,6.65,6.46,0.99,1
25.832737,25.99,34.7,6.71,6.56,0.99,1
25.922304,25.5,34.6,6.74,6.4,0.99,1
25.972378,25.05,34.8,6.7,6.11,0.99,1
26.013386,23.46,34.5,6.83,8.01,0.99,1
25.814849,24.8,34.7,6.66,7.37,0.99,1
26.001124,25.05,34.7,6.8,8.04,0.99,1
26.0165,24.4,34.7,6.85,8.48,0.99,1
26.022352,24.31,34.7,6.85,8.44,0.99,1
26.058156,25.26,35,6.79,7.98,0.99,1
26.082873,25.22,34.7,6.92,9.07,0.99,1
25.721483,22.63,34.7,6.79,6.82,0.99,1
25.972378,23.5,34.7,6.79,7.47,0.99,1
25.832737,23.82,34.6,6.8,8.09,0.99,1
25.922304,24.59,34.7,6.79,8.24,0.99,1
25.972378,25.01,34.7,6.79,7.76,0.99,1
26.013386,23.86,34.7,6.61,7.18,0.99,1
25.814849,27.76,34.7,6.64,6.3,0.99,1
26.001124,26.13,34.7,6.7,6.19,0.99,1
26.0165,23.91,34.7,6.69,6.94,0.99,1
26.022352,24.08,34.7,6.67,6.86,0.99,1
26.058156,25.56,34.7,6.66,7.03,0.99,1
26.082873,23.47,34.7,6.76,7.07,0.99,1
25.721483,24.83,34.7,6.62,6.17,0.99,1
25.972378,24.72,34.7,6.61,6.37,0.99,1
25.832737,23.91,34.7,6.62,6.24,0.99,1
25.922304,23.05,34.7,6.65,7.19,0.99,1
25.972378,26.26,34.7,6.66,6.27,0.99,1
26.013386,26.97,34.2,6.59,6.9,0.99,1
25.814849,28.82,35.2,6.68,6.34,0.99,1
26.001124,27.45,34.7,6.65,6.21,10,1
26.0165,26.29,34.7,6.68,6.53,0.99,1
26.022352,26.68,34.7,6.64,6.57,0.99,1
26.058156,26.3,34.9,6.67,6.64,0.99,1
26.082873,25.01,34.8,6.68,7.18,0.99,1
25.721483,25.47,34.9,6.6,5.64,0.99,1
25.972378,25.33,34.7,6.61,6.76,0.99,1
25.832737,24.18,34.8,6.58,6.62,0.99,1
25.922304,26.65,34.5,6.6,6.37,0.99,1
25.972378,27.8,34.7,6.64,6,0.99,1
26.013386,25.32,34.9,6.59,6.67,0.99,1
25.814849,25.31,34.9,6.66,6.98,0.99,1
26.001124,25.86,34.9,6.62,6.67,0.99,1
26.0165,26.47,34.9,6.64,6.53,0.99,1
26.022352,26.18,34.8,6.68,6.54,0.99,1
26.058156,25.93,34.9,6.7,6.76,0.99,1
26.082873,25.05,34.8,6.65,6.71,0.99,1
25.721483,25.34,34.9,6.58,7.03,0.99,1
25.972378,25.26,34.9,6.64,6.96,0.99,1
25.832737,25.1,34.9,6.72,6.57,0.99,1
25.922304,26.03,34.9,6.75,7,0.99,1
25.972378,26.87,34.9,6.67,6.33,0.99,1
26.013386,25.51,34.6,6.63,6.76,0.99,1
25.814849,29.65,35.2,6.79,6.53,0.99,1
26.001124,25.8,34.8,6.66,6.14,0.99,1
26.0165,25.01,34.8,6.75,6.54,0.99,1
26.022352,25.06,34.9,6.7,6.42,0.99,1
26.058156,25.63,34.8,6.7,6.64,0.99,1
26.082873,25.47,34.7,6.7,6.72,0.99,1
25.721483,23.18,34.9,6.77,6.06,0.99,1
25.972378,24.08,34.6,6.67,6.52,0.99,1
25.832737,26.62,34.9,6.71,6.29,0.99,1
25.922304,26.03,34.7,6.72,5.86,0.99,1
25.972378,25.62,34.9,6.65,6.25,0.99,1
26.013386,26.71,34.4,6.9,6.28,0.99,1
25.814849,30.05,35.5,7.1,6.21,0.99,1
26.001124,28.93,35.2,6.93,5.45,6586,0
26.0165,28.01,35.5,6.86,6.61,202,0
26.022352,27.87,35,6.88,6.45,0.99,1
26.058156,28.14,35.1,6.91,6.37,0.99,1
26.082873,28.53,35.3,7.01,6.32,1644,0
25.721483,27.16,35,6.64,6.2,0.99,1
25.972378,26.62,35.1,6.72,6.23,0.99,1
25.832737,27.1,35.1,6.91,5.64,0.99,1
25.922304,28.57,35.1,7.02,5.7,0.99,1
25.972378,28.98,35.4,7.01,5.81,0.99,1
26.013386,28.07,34.8,6.73,6.24,0.99,1
25.814849,30.25,35.5,6.63,6.35,0.99,1
26.001124,28.47,35.1,6.81,5.63,1904,0
26.0165,28.3,35,6.8,6.12,0.99,1
26.022352,28.3,35,6.8,6.08,0.99,1
26.058156,28.32,35.2,6.69,6.2,0.99,1
26.082873,27.74,35.2,6.68,6.24,1364,0
25.721483,27.05,35.2,6.7,6.15,0.99,1
25.972378,27.11,34.6,6.66,6.38,0.99,1
25.832737,28.05,35.2,6.74,5.73,0.99,1
25.922304,28.1,35.1,6.68,6.22,0.99,1
25.972378,28.7,35.3,6.58,6.16,20,1
26.013386,28.16,34.7,6.85,6.61,0.99,1
25.814849,29.67,35.2,6.79,6.27,0.99,1
26.001124,27.84,34.9,6.72,6.18,0.99,1
26.0165,28.92,35.1,6.92,6.15,0.99,1
26.022352,28.82,35.2,6.78,6.14,0.99,1
26.058156,28.88,35.2,6.73,6.22,0.99,1
26.082873,28.8,35.2,6.69,6.58,0.99,1
25.721483,27.01,34.7,6.76,5.9,0.99,1
25.972378,27.27,35,6.79,5.91,0.99,1
25.832737,28.15,34.9,6.73,6.25,0.99,1
25.922304,27.86,34.7,6.95,6.15,0.99,1
25.972378,28.48,35,6.67,5.99,0.99,1
26.013386,27.26,34.4,6.81,6.17,24196,0
25.814849,30.19,35.1,6.7,6.26,0.99,1
26.001124,28.07,35.1,6.71,6.15,24196,0
26.0165,27.66,35,6.85,6.23,24196,0
26.058156,27.91,35,6.71,6.24,0.99,1
26.022352,27.59,35,6.74,6.27,24196,0
26.082873,28.03,35,6.68,6.48,24196,0
25.922304,27.75,34.7,6.65,6.2,24196,0
25.721483,25.84,35,6.82,4.89,0.99,1
25.972378,26.19,34.8,6.72,6.46,0.99,1
25.832737,28.15,34.9,6.67,6.24,0.99,1
25.972378,28.42,35,6.66,6.21,0.99,1
26.013386,29.82,34.7,7.34,6.51,9603,0
25.814849,28.87,34.7,6.53,6.1,0.99,1
26.001124,29.72,35.1,7.03,5.63,0.99,1
26.0165,29.9,35,6.85,6.07,0.99,1
26.022352,29.94,35,6.9,5.82,0.99,1
26.058156,29.73,35.3,6.9,5.94,0.99,1
26.082873,29.81,35.3,7.03,5.96,0.99,1
25.721483,28.15,34.9,6.61,6.16,0.99,1
25.972378,28.63,35,6.76,6.18,0.99,1
25.832737,28.88,34.7,6.67,6.04,0.99,1
25.922304,30.36,34.9,7.17,5.69,0.99,1
25.972378,30.25,35.1,6.83,5.16,0.99,1
26.013386,29.5,31.2,6.89,6.09,0.99,1
25.814849,29.5,31.2,6.89,6.09,0.99,1
26.001124,29.5,31.2,6.89,6.09,0.99,1
26.0165,29.5,31.2,6.89,6.09,0.99,1
26.022352,29.5,31.2,6.89,6.09,0.99,1
26.058156,29.5,31.2,6.89,6.09,0.99,1
26.082873,29.5,31.2,6.89,6.09,0.99,1
25.721483,29.5,31.2,6.89,6.09,0.99,1
25.972378,29.5,31.2,6.89,6.09,0.99,1
25.832737,29.5,31.2,6.89,6.09,0.99,1
25.922304,29.5,31.2,6.89,6.09,0.99,1
25.972378,29.5,31.2,6.89,6.09,0.99,1
26.013386,29.69,35,7.02,6.02,0.99,1
25.814849,30.97,35.5,6.9,6.02,0.99,1
26.001124,29.51,35.5,6.91,5.44,0.99,1
26.0165,29.75,35.2,6.93,5.81,0.99,1
26.022352,29.99,35.5,6.94,5.9,0.99,1
26.058156,29.69,35.5,6.93,5.9,0.99,1
26.082873,29.79,35.4,6.88,6.59,0.99,1
25.721483,28.57,35.4,6.7,6.06,0.99,1
25.972378,28.33,35.1,6.87,5.47,0.99,1
25.832737,29.56,35.4,6.88,6.01,0.99,1
25.922304,29.17,35.4,6.87,5.92,0.99,1
25.972378,29.81,35.5,6.92,5.82,0.99,1
26.013386,28.79,34.9,6.73,6.66,0.99,1
25.814849,30.27,35.3,6.71,6.26,0.99,1
26.001124,28.53,35.2,6.73,6.04,0.99,1
26.0165,28.52,35.3,6.71,6.19,0.99,1
26.022352,28.39,35.4,6.71,6.21,0.99,1
26.058156,28.51,35.3,6.65,6.07,0.99,1
26.082873,28.7,35.3,6.72,6.45,0.99,1
25.721483,27.6,35.2,6.63,5.92,0.99,1
25.972378,27.99,35.3,6.76,6.19,0.99,1
25.832737,28.14,35.2,6.76,6.24,0.99,1
25.922304,28.14,35.2,6.86,5.89,0.99,1
25.972378,28.32,35.3,6.64,5.8,0.99,1
26.013386,29.38,35.2,7.29,6.27,0.99,1
25.814849,30.2,35.5,7.13,6.2,0.99,1
26.001124,29.24,35.4,7.09,5.58,0.99,1
26.0165,29.4,35.4,7.19,6.01,0.99,1
26.022352,29.35,35.4,7.08,5.98,0.99,1
26.058156,29.26,35.6,7.37,5.96,0.99,1
26.082873,29.26,35.6,9.42,5.79,0.99,1
25.721483,28.36,35.3,7.07,6.01,0.99,1
25.972378,28.47,35.4,7.13,6.19,0.99,1
25.832737,28.93,35.4,7.16,6.15,0.99,1
25.922304,29.42,35.5,7.3,5.71,0.99,1
25.972378,29.45,35.6,7.18,5.9,0.99,1
26.013386,29.6,35.5,6.75,6.1,0.99,1
25.814849,29.57,35.3,7.14,6.29,0.99,1
26.001124,29.45,35.7,6.77,5.96,0.99,1
26.0165,29.48,35.6,6.98,6.09,0.99,1
26.022352,29.43,35.7,6.81,6.11,0.99,1
26.058156,29.5,34.5,6.72,6.2,0.99,1
26.082873,29.45,35.2,6.71,6.22,0.99,1
25.721483,29.3,35.5,7.14,6.3,0.99,1
25.972378,29.33,35.5,6.76,6.27,0.99,1
25.832737,29.72,35.3,7.06,6.32,0.99,1
25.922304,29.48,35.5,6.67,6.16,0.99,1
25.972378,29.54,35.7,6.79,6.25,0.99,1
26.013386,28.54,35.2,6.7,6.45,10,1
25.814849,29.9,35.4,6.63,6.39,0.99,1
26.001124,27.67,35.6,6.79,6.26,0.99,1
26.0165,28.21,35.4,7.07,6.23,0.99,1
26.022352,28.44,35.8,6.76,6.28,0.99,1
26.058156,28.32,35.6,6.78,6.3,0.99,1
26.082873,28.75,35.5,6.85,6.3,10,1
25.721483,26.43,35.4,6.79,6.19,0.99,1
25.972378,26.92,35.1,6.81,6.38,0.99,1
25.832737,28.66,35.5,6.77,6.13,0.99,1
25.922304,28.08,35.5,6.73,6.52,0.99,1
25.972378,27.94,35.6,6.76,6.38,0.99,1
26.013386,29.43,34.7,7.1,6.41,30,1
25.814849,29.87,34.9,6.69,6.17,0.99,1
26.001124,28.48,35.2,8.68,6.01,0.99,1
26.0165,29.6,35,7.03,6.13,0.99,1
26.022352,29.35,35.1,6.96,6.21,0.99,1
26.058156,29.39,35.1,7.1,6.44,0.99,1
26.082873,29.36,35,7.03,6.69,10,1
25.721483,28.4,35,6.7,5.52,0.99,1
25.972378,27.96,34.9,6.68,6.24,0.99,1
25.832737,29.21,35,6.81,5.36,0.99,1
25.922304,28.26,34.5,7.19,6.17,0.99,1
25.972378,28.48,35.2,7.12,6.03,0.99,1
26.013386,27.89,35.5,7.25,6.35,0.99,1
25.814849,29.3,35.6,6.99,6.38,0.99,1
26.001124,27.25,35.6,9.94,6.1,0.99,1
26.0165,26.86,35.5,7.09,6.25,0.99,1
26.022352,27.28,35.7,7.17,6.27,0.99,1
26.058156,28.32,35.8,7.31,6.31,0.99,1
26.082873,28.32,35.8,7.31,6.31,0.99,1
25.721483,28.22,35.5,6.61,5.97,0.99,1
25.972378,27.98,35.8,7.05,6.45,0.99,1
25.832737,28.15,35.6,7.08,6.24,10,1
25.922304,27.84,35.6,7.3,6.43,0.99,1
25.972378,27.5,35.7,7.13,6.29,10,1
26.013386,28.06,35.5,7.23,6.53,0.99,1
25.814849,29.32,35.8,7.04,5.91,0.99,1
26.001124,27.68,35.8,7.01,5.9,0.99,1
26.0165,27.77,35.7,7.14,6.22,0.99,1
26.022352,27.51,36,7.11,6.15,10,1
26.058156,28.17,35.8,7.35,6.05,0.99,1
25.721483,28.37,35.6,6.76,5.8,10,1
25.972378,27.35,35.2,7.24,6.24,0.99,1
25.832737,27.98,35.6,7,6,0.99,1
25.922304,27.61,35.8,7.09,6.23,0.99,1
25.972378,27.82,35.8,7.26,6.08,0.99,1
26.013386,25.52,35.2,7.24,6.24,0.99,1
25.814849,25.7,35.8,7.04,5.91,0.99,1
26.001124,25.49,35.6,6.76,5.8,0.99,1
26.0165,24.75,35.8,7.04,5.91,0.99,1
26.022352,24.83,35.7,6.53,6.74,0.99,1
26.058156,24.71,35.8,6.51,6.77,0.99,1
25.721483,23.7,35.6,6.76,5.8,0.99,1
25.972378,23.26,35.2,7.24,6.24,0.99,1
25.832737,24.31,35.6,6.76,5.8,0.99,1
25.922304,24.23,35.2,7.24,6.24,0.99,1
25.972378,24.91,35.8,7.04,5.91,0.99,1
26.013386,23.09,35.1,7.22,7.18,0.99,1
25.814849,24.14,35.7,7.26,7.04,0.99,1
26.001124,23.67,35.6,7.1,6.82,0.99,1
26.0165,23.19,35.3,7.16,7.06,0.99,1
26.022352,23.55,35.4,7.2,6.87,0.99,1
26.058156,23.43,35.6,7.24,6.97,0.99,1
26.082873,23.18,35.7,7.39,7,0.99,1
25.721483,23.63,35.5,6.88,6.2,0.99,1
25.972378,23.04,35.6,7.27,7.03,0.99,1
25.832737,23.77,35.7,7.21,6.9,0.99,1
25.922304,23.36,35.7,7.04,6.61,0.99,1
25.972378,23.25,35.6,7.06,6.48,0.99,1
26.013386,21.14,34.9,7.35,6.74,0.99,1
25.814849,23.6,35.3,7.13,6.74,0.99,1
26.001124,21.04,34.9,7.33,6.47,0.99,1
26.0165,21.77,35,7.32,7.89,0.99,1
26.022352,22.3,34.5,7.34,5.56,0.99,1
26.058156,23.25,35.2,7.33,6.63,0.99,1
26.082873,23.25,35.2,7.39,6.49,0.99,1
25.721483,23.6,35.3,7.13,6.74,0.99,1
25.972378,23.6,35.3,7.13,6.74,0.99,1
25.832737,23.6,35.3,7.13,6.74,0.99,1
25.922304,23.6,35.3,7.13,6.74,0.99,1
25.972378,21.63,35,7.31,6.17,0.99,1
26.013386,19,32.5,7.58,6.08,0.99,1
25.814849,16.5,33.5,7.58,6.08,0.99,1
26.001124,19,32,7.58,6.08,10112,0
26.0165,19,32,7.58,6.08,0.99,1
26.022352,19,34.5,7.58,6.08,0.99,1
26.058156,19,33.5,7.58,6.08,0.99,1
26.082873,19,32,7.58,6.08,0.99,1
25.721483,16.5,33.5,7.58,6.08,0.99,1
25.972378,16.5,32.5,7.58,6.08,0.99,1
25.832737,17,32.5,7.58,6.08,0.99,1
25.922304,17,33.5,7.58,6.08,906,0
25.972378,17,33,7.58,6.08,0.99,1
26.013386,20,30,7.58,6.08,24196,0
25.814849,19,32,7.58,6.08,0.99,1
26.001124,18,32,7.58,6.08,0.99,1
26.0165,19,30,7.58,6.08,0.99,1
26.022352,19,32,7.58,6.08,0.99,1
26.058156,19,32,7.58,6.08,0.99,1
26.082873,19,32,7.58,6.08,24196,0
25.721483,19,32,7.58,6.08,24196,0
25.972378,17,33,7.58,6.08,24196,0
25.832737,18,32,7.58,6.08,0.99,1
25.922304,18.5,31,7.58,6.08,0.99,1
25.972378,18,34,7.58,6.08,0.99,1
26.013386,18,29,7.58,6.08,0.99,1
26.082873,19,31,7.58,6.08,24196,0
25.972378,16,31,7.58,6.08,0.99,1
25.721483,17,30,7.58,6.08,24196,0
26.013386,19,35.6,6.76,5.8,0.99,1
25.814849,17,32.5,7.74,6.08,0.99,1
26.001124,17,32,7.74,6.08,0.99,1
26.0165,18.5,35.2,7.24,6.24,0.99,1
26.022352,18.5,35.8,7.04,5.91,0.99,1
26.058156,19,35.6,7,6,0.99,1
26.082873,18,35.8,7.09,6.23,0.99,1
25.721483,17,32,7.74,6.08,0.99,1
25.972378,17,32.5,7.74,6.08,0.99,1
25.832737,17,31,7.74,6.08,0.99,1
25.922304,16,32,7.74,6.08,0.99,1
25.972378,18,32,7.74,6.08,0.99,1
26.013386,19,35.8,7.01,5.9,0.99,1
25.814849,18,35.5,7.23,6.53,0.99,1
26.001124,18,35.7,7.14,6.22,0.99,1
26.0165,18.5,35.5,7.23,6.53,0.99,1
26.022352,19,35.7,7.14,6.22,0.99,1
26.058156,18.5,32,7.14,6.22,0.99,1
26.082873,19,35.6,6.76,5.8,0.99,1
25.721483,17,35.8,7.26,6.08,0.99,1
25.972378,17,35.8,7.01,5.9,0.99,1
25.832737,18,35.7,7.14,6.22,0.99,1
25.922304,18,35.8,7.01,5.9,0.99,1
25.972378,18.5,35.5,7.23,6.53,0.99,1
26.013386,17,35.2,7.24,6.24,0.99,1
25.814849,17,31,7.04,5.91,0.99,1
26.001124,16,35.6,6.76,5.8,0.99,1
26.0165,17,35.8,7.04,5.91,0.99,1
26.022352,17,34,7.04,6.08,0.99,1
26.058156,17,32,7.04,6.08,0.99,1
26.082873,17,32,7.04,6.08,0.99,1
25.721483,16,35.2,7.24,6.24,0.99,1
25.972378,16,35.8,7.04,5.91,0.99,1
25.832737,17,35.6,6.76,5.8,0.99,1
25.922304,17,35.2,7.24,6.24,0.99,1
25.972378,17,35.8,7.04,5.91,0.99,1
26.013386,18,32.5,7.03,6.13,0.99,1
25.814849,17.5,35,6.81,5.36,0.99,1
26.001124,17,32,7.1,6.41,10,1
26.0165,18,32,6.96,6.21,0.99,1
26.022352,18,31,7.1,6.44,0.99,1
26.058156,19,30,7.03,6.69,6015,0
26.082873,18,34,7.03,7.09,8297,0
25.721483,17,30,6.68,6.24,906,0
25.972378,17,31,6.69,6.17,0.99,1
25.832737,17.5,32,7.19,6.17,0.99,1
25.922304,19,31,7.12,6.03,6015,0
25.972378,18,34,8.68,7.09,20,1
26.058156,19,32,7.03,7.09,0.99,1
26.082873,19,31,7.03,7.09,0.99,1
25.721483,18,32,7.03,7.09,0.99,1
25.922304,19,32,7.03,7.09,0.99,1
26.013386,19.5,32,6.69,7.09,0.99,1
25.814849,19,34.9,6.69,6.17,0.99,1
26.001124,19.5,32,6.69,7.09,0.99,1
26.0165,19.5,33.5,6.69,7.09,0.99,1
26.022352,19.5,34.9,6.68,6.24,0.99,1
26.058156,19.5,34.9,6.69,6.17,0.99,1
26.082873,19.5,35.8,7.01,5.9,0.99,1
25.721483,19,32,7.03,7.09,0.99,1
25.972378,19,34.9,6.68,6.24,0.99,1
25.832737,19,32,6.69,7.09,0.99,1
25.922304,19,32.5,6.69,7.09,0.99,1
25.972378,19,33,6.69,7.09,0.99,1
26.013386,18,33,7.9,7.09,0.99,1
25.814849,20.5,30,7.01,5.9,0.99,1
25.721483,20,30,7.23,6.53,0.99,1
25.972378,20,30,7.14,6.22,0.99,1
25.832737,20,30,7.23,6.53,0.99,1
25.922304,20,32,7.14,6.22,0.99,1
26.013386,20,32,7.01,5.9,0.99,1
25.814849,22,31,7.14,6.22,0.99,1
26.001124,21,31,7.14,6.22,0.99,1
26.0165,21,33,7.23,6.53,0.99,1
26.022352,21,30,7.14,6.22,0.99,1
26.058156,21,32,7.01,5.9,0.99,1
26.082873,21,32.5,7.23,6.53,0.99,1
25.721483,20,32,7.01,5.9,0.99,1
25.972378,20,31,7.23,6.53,0.99,1
25.832737,20.5,34,7.14,7.16,0.99,1
25.922304,21,32,7.01,5.9,0.99,1
25.972378,21,31,7.23,6.53,0.99,1
26.013386,22,32,7.19,6.17,0.99,1
25.814849,21.5,32,7.23,6.53,0.99,1
26.001124,21.5,30,6.81,5.36,0.99,1
26.0165,22,31,7.12,6.03,0.99,1
26.022352,21,32,8.68,7.16,0.99,1
26.058156,22,32,8.68,7.16,0.99,1
26.082873,22.5,32.5,8.68,7.16,0.99,1
25.721483,20,32,7.14,6.22,0.99,1
25.972378,20,31,7.01,5.9,0.99,1
25.832737,20,31,7.14,6.22,0.99,1
25.922304,21,30,7.01,5.9,0.99,1
25.972378,21,31,7.01,7.16,0.99,1
26.013386,21,34,8.68,7.16,0.99,1
25.814849,20,32.5,8.68,7.16,0.99,1
26.001124,21,32,8.68,7.16,0.99,1
26.0165,21.5,32,8.68,7.16,0.99,1
26.022352,24.5,34,8.68,7.16,0.99,1
26.058156,21,33,8.68,7.16,0.99,1
26.082873,22,34,8.68,7.16,0.99,1
25.721483,20,32,8.68,7.16,0.99,1
25.972378,19.5,32,8.68,7.16,0.99,1
25.832737,20,34,8.68,7.16,0.99,1
25.922304,21,32,8.68,7.16,0.99,1
25.972378,21,34,8.68,7.16,0.99,1
26.022352,23,30,7.13,7.16,0.99,1
25.922304,23,32,6.99,6.38,0.99,1
26.013386,23,33,7.13,6.29,0.99,1
25.814849,24,33,6.61,5.97,10112,0
26.001124,23,32,7.3,6.43,0.99,1
26.0165,22.5,32,7.13,7.16,0.99,1
26.058156,23,32,7.13,7.16,0.99,1
26.082873,23,32,7.13,7.16,0.99,1
25.721483,22,32.5,8.68,7.16,0.99,1
25.972378,21,32,7.03,6.69,0.99,1
25.832737,22.5,32.5,7.05,6.45,0.99,1
25.972378,22.5,33,7.08,6.24,0.99,1
26.013386,22.7,32.9,6.63,6.8,10112,0
25.814849,22.7,32.9,6.63,6.8,204,0
26.001124,22.7,32.9,6.63,6.8,0.99,1
26.0165,22.7,32.9,6.63,6.8,0.99,1
26.022352,22.7,32.9,6.63,6.8,0.99,1
26.058156,22.7,32.9,6.63,6.8,0.99,1
25.721483,22.7,32.9,6.63,6.8,0.99,1
25.972378,22.7,32.9,6.63,6.8,0.99,1
25.832737,22.7,32.9,6.63,6.8,0.99,1
26.082873,22.7,32.9,6.63,6.8,10112,0
25.922304,22.7,32.9,6.63,6.8,0.99,1
25.972378,22.7,32.9,6.63,6.8,0.99,1
26.013386,17.5,32.5,6.63,6.8,0.99,1
25.814849,17.5,32.5,6.63,6.8,0.99,1
26.001124,17.5,33,6.63,6.8,0.99,1
26.0165,17.5,33,6.63,6.8,0.99,1
26.022352,18,32.5,6.63,6.8,0.99,1
26.058156,17.5,33,6.63,6.8,0.99,1
26.082873,17.5,33.5,6.63,6.8,0.99,1
25.721483,17.5,33,6.63,6.8,0.99,1
25.972378,17.5,32.5,6.63,6.8,0.99,1
25.832737,17.5,33,6.63,6.8,0.99,1
25.922304,17.5,33,6.63,6.8,0.99,1
25.972378,17.5,33,6.63,6.8,0.99,1
26.013386,17.5,32,6.63,6.8,10112,0
25.814849,25,33,6.63,6.8,204,0
26.001124,17.5,33,6.63,6.8,0.99,1
26.0165,17.5,33,6.63,6.8,0.99,1
26.022352,17.5,33,6.63,6.8,0.99,1
26.058156,17.5,33,6.63,6.8,0.99,1
25.972378,23.5,31,6.63,6.8,0.99,1
25.832737,22.5,32,6.63,6.8,0.99,1
26.082873,17.5,33,6.63,6.8,10112,0
25.922304,23,32,6.63,6.8,0.99,1
25.721483,24,32,6.63,6.8,10112,0
25.972378,24,33,6.63,6.8,0.99,1
26.013386,18,33,6.63,6.8,0.99,1
25.814849,18,32,6.63,6.8,0.99,1
26.082873,18,33,6.63,6.8,0.99,1
25.721483,18,32.5,6.63,6.8,0.99,1
26.013386,21,32,6.63,6.8,0.99,1
25.814849,24,31,6.63,6.8,94,1
26.001124,22,33,6.63,6.8,0.99,1
26.0165,22,31,6.63,6.8,0.99,1
26.022352,22,31,6.63,6.8,0.99,1
26.058156,22,32.5,6.63,6.8,0.99,1
26.082873,22,32,6.63,6.8,0.99,1
25.721483,21,32,6.63,6.8,0.99,1
25.972378,19,30,6.63,6.8,0.99,1
25.832737,22,32,6.63,6.8,0.99,1
25.922304,22,31,6.63,6.8,0.99,1
25.972378,21,32,6.63,6.8,0.99,1
26.013386,24,32,6.63,6.8,0.99,1
25.814849,26,32,6.63,6.8,0.99,1
26.082873,23.5,31,6.63,6.8,0.99,1
25.721483,23,32.5,6.63,6.8,0.99,1
26.013386,23,31,6.7,6.9,0.99,1
25.814849,22,32.5,6.7,6.9,0.99,1
26.001124,22,32,6.7,6.9,0.99,1
26.0165,23,32,6.7,6.9,0.99,1
26.022352,22,32.5,6.7,6.9,0.99,1
26.058156,23,32.5,6.7,6.9,0.99,1
26.082873,22,33,6.7,6.9,0.99,1
25.721483,22,33,6.7,6.9,0.99,1
25.972378,22,32,6.7,6.9,0.99,1
25.832737,23,32,6.7,6.9,0.99,1
25.922304,22,33,6.7,6.9,0.99,1
25.972378,22,32,6.7,6.9,0.99,1
26.013386,23,33,6.7,6.9,0.99,1
25.814849,20.5,32,6.7,6.9,0.99,1
26.001124,23,32,6.7,6.9,0.99,1
26.0165,23,32.5,6.7,6.9,0.99,1
26.022352,23,32,6.7,6.9,0.99,1
26.058156,23.5,32,6.7,6.9,0.99,1
26.082873,19.5,31,6.7,6.9,24,1
25.721483,21,33,6.7,6.9,0.99,1
25.972378,21,32.5,6.7,6.9,0.99,1
25.832737,21,32,6.7,6.9,0.99,1
25.922304,21,33,6.7,6.9,0.99,1
25.972378,22.5,33,6.7,6.9,0.99,1
26.013386,25,31,6.7,6.9,4569,0
25.814849,25,32,6.7,6.9,10112,0
26.001124,24,31,6.7,6.9,10112,0
26.0165,26,32,6.7,6.9,0.99,1
26.022352,24,34,6.7,6.9,0.99,1
26.058156,25,33,6.7,6.9,0.99,1
26.082873,25,32.5,6.7,6.9,0.99,1
25.721483,23.5,32.5,6.7,6.9,0.99,1
25.972378,23.5,32,6.7,6.9,0.99,1
25.832737,24,32.5,6.7,6.9,0.99,1
25.922304,24,32,6.7,6.9,636,0
25.972378,24,32.5,6.7,6.9,0.99,1
26.013386,25,33,6.7,6.9,10112,0
25.814849,25.5,32,6.7,6.9,0.99,1
26.001124,25,32,6.7,6.9,0.99,1
25.922304,25,32.5,6.7,6.9,0.99,1
25.972378,25,32,6.7,6.9,0.99,1
26.013386,24,32,6.7,6.9,0.99,1
25.814849,24,32.5,6.7,6.9,0.99,1
26.001124,24.5,32,6.7,6.9,0.99,1
26.0165,25,33,6.7,6.9,0.99,1
26.022352,25,32.5,6.7,6.9,0.99,1
26.058156,25,32.5,6.7,6.9,0.99,1
26.082873,25,32.5,6.7,6.9,0.99,1
25.721483,24,33,6.7,6.9,0.99,1
25.972378,24,33,6.7,6.9,0.99,1
25.832737,24,33,6.7,6.9,0.99,1
25.922304,24.5,33,6.7,6.9,0.99,1
25.972378,24.5,32.5,6.7,6.9,0.99,1
26.013386,24,32.5,6.7,6.9,0.99,1
25.814849,24.5,33,6.7,6.9,0.99,1
26.001124,24,33,6.7,6.9,0.99,1
26.0165,24,32.5,6.7,6.9,0.99,1
26.022352,23.5,33,6.7,6.9,0.99,1
26.058156,23.5,34,6.7,6.9,0.99,1
26.082873,23.5,33,6.7,6.9,0.99,1
25.832737,24.5,33,6.7,6.9,0.99,1
25.972378,24,33,6.7,6.9,0.99,1
26.013386,26,32.5,6.74,6.33,0.99,1
25.814849,26,32,6.74,6.33,0.99,1
26.001124,26,33,6.74,6.33,0.99,1
26.0165,26,32,6.74,6.33,0.99,1
26.022352,26,32.5,6.74,6.33,0.99,1
26.058156,26.5,32.5,6.74,6.33,0.99,1
26.082873,26.5,33,6.74,6.33,0.99,1
25.721483,26,32,6.74,6.33,0.99,1
25.972378,26,32,6.74,6.33,0.99,1
25.832737,26,32,6.74,6.33,0.99,1
25.922304,26,31,6.74,6.33,0.99,1
25.972378,26,32.5,6.74,6.33,0.99,1
26.013386,27,32.5,6.74,6.33,0.99,1
25.814849,28,34,6.74,6.33,0.99,1
26.001124,26,32,6.74,6.33,0.99,1
26.0165,27,33,6.74,6.33,0.99,1
26.022352,27,32,6.74,6.33,0.99,1
26.058156,27,32,6.74,6.33,0.99,1
26.082873,27.5,32,6.74,6.33,0.99,1
25.721483,26,32,6.74,6.33,0.99,1
25.972378,26.5,32,6.74,6.33,0.99,1
25.832737,26,32,6.74,6.33,0.99,1
25.922304,26,32,6.74,6.33,0.99,1
25.972378,26.5,33,6.74,6.33,0.99,1
26.013386,27.5,32.5,6.74,6.33,0.99,1
25.814849,27,32,6.74,6.33,0.99,1
26.001124,27.5,32,6.74,6.33,0.99,1
26.0165,27.5,32,6.74,6.33,0.99,1
26.022352,28,33,6.74,6.33,0.99,1
26.058156,28,34,6.74,6.33,0.99,1
26.082873,28,33,6.74,6.33,0.99,1
25.721483,27,32.5,6.74,6.33,0.99,1
25.972378,27,33,6.74,6.33,0.99,1
25.832737,27,32,6.74,6.33,0.99,1
25.922304,27,32,6.74,6.33,0.99,1
25.972378,27,32.5,6.74,6.33,0.99,1
26.013386,29,32,6.74,6.33,98,1
25.814849,28,32,6.74,6.33,663,0
26.001124,29,32,6.74,6.33,0.99,1
26.0165,29,34,6.74,6.33,0.99,1
26.022352,28,32,6.74,6.33,41,1
26.058156,28,32,6.74,6.33,0.99,1
26.082873,28,32,6.74,6.33,0.99,1
25.721483,27,32,6.74,6.33,0.99,1
25.972378,27,34,6.74,6.33,0.99,1
25.832737,27,32,6.74,6.33,0.99,1
25.922304,28,32,6.74,6.33,0.99,1
25.972378,29,33,6.74,6.33,0.99,1
26.013386,34,32,6.82,6.09,1246,0
25.814849,33,31,6.82,6.09,1246,0
26.001124,34,33,6.82,6.09,0.99,1
26.0165,34,33,6.82,6.09,0.99,1
26.022352,34,32,6.82,6.09,0.99,1
26.058156,34,31,6.82,6.09,0.99,1
26.082873,34,33,6.82,6.09,0.99,1
25.721483,33,33,6.82,6.09,0.99,1
25.972378,33,32,6.82,6.09,0.99,1
25.832737,33,32,6.82,6.09,0.99,1
25.922304,33,33,6.82,6.09,0.99,1
25.972378,34,32,6.82,6.09,0.99,1
26.013386,33,33,6.82,6.09,0.99,1
25.814849,33,32,6.82,6.09,0.99,1
26.001124,33,32,6.82,6.09,0.99,1
26.0165,33,33,6.82,6.09,0.99,1
26.022352,33,33,6.82,6.09,0.99,1
26.058156,34,34,6.82,6.09,0.99,1
26.082873,34,32,6.82,6.09,0.99,1
25.721483,33,32,6.82,6.09,0.99,1
25.972378,33,33,6.82,6.09,0.99,1
25.832737,33,33,6.82,6.09,0.99,1
25.922304,33,32,6.82,6.09,0.99,1
25.972378,33,32,6.82,6.09,0.99,1
26.013386,34,33.5,6.82,6.09,0.99,1
25.814849,34,33,6.82,6.09,0.99,1
26.001124,34,32.5,6.82,6.09,0.99,1
26.0165,34,33,6.82,6.09,0.99,1
26.022352,34,32,6.82,6.09,0.99,1
26.058156,34,33.5,6.82,6.09,1354,0
26.082873,34,34,6.82,6.09,449,0
25.721483,34,32,6.82,6.09,0.99,1
25.972378,34,32,6.82,6.09,0.99,1
25.832737,34,33,6.82,6.09,0.99,1
25.922304,34,32,6.82,6.09,0.99,1
25.972378,34,32.5,6.82,6.09,0.99,1
26.013386,32,32.5,6.82,6.09,0.99,1
25.814849,32,32,6.82,6.09,0.99,1
26.001124,32,33,6.82,6.09,0.99,1
26.0165,32,32,6.82,6.09,0.99,1
26.022352,32,32,6.82,6.09,0.99,1
26.058156,32,34,6.82,6.09,0.99,1
26.082873,32,33,6.82,6.09,0.99,1
25.832737,32,32,6.82,6.09,0.99,1
25.922304,32,33,6.82,6.09,0.99,1
25.972378,32,32.5,6.82,6.09,0.99,1
26.013386,30,32.5,6.96,5.94,0.99,1
25.814849,30,32.5,6.96,5.94,0.99,1
26.001124,30,33,6.96,5.94,0.99,1
26.0165,30,33,6.96,5.94,0.99,1
26.022352,30,32.5,6.96,5.94,0.99,1
26.058156,30,33,6.96,5.94,0.99,1
26.082873,30,32.5,6.96,5.94,0.99,1
25.721483,30,33,6.96,5.94,0.99,1
25.972378,30,33.5,6.96,5.94,0.99,1
25.832737,30,32.5,6.96,5.94,0.99,1
25.922304,30,31,6.96,5.94,0.99,1
25.972378,30,32.5,6.96,5.94,0.99,1
26.013386,32,32,6.96,5.94,983,0
25.814849,32,32.5,6.96,5.94,983,0
26.001124,32,32,6.96,5.94,0.99,1
26.0165,32,33,6.96,5.94,0.99,1
26.022352,32,34,6.96,5.94,0.99,1
26.058156,32,32,6.96,5.94,0.99,1
26.082873,32,33,6.96,5.94,0.99,1
25.721483,32,32.5,6.96,5.94,0.99,1
25.972378,32,33,6.96,5.94,0.99,1
25.832737,32,33,6.96,5.94,0.99,1
25.922304,32,34,6.96,5.94,0.99,1
25.972378,32,32,6.96,5.94,0.99,1
26.013386,33,32.5,6.96,5.94,0.99,1
25.814849,33,32,6.96,5.94,0.99,1
26.001124,33,32.5,6.96,5.94,0.99,1
26.0165,33,33,6.96,5.94,82,1
26.022352,33,32.5,6.96,5.94,0.99,1
26.058156,33,33,6.96,5.94,0.99,1
26.082873,33,32.5,6.96,5.94,0.99,1
25.721483,33,32.5,6.96,5.94,0.99,1
25.972378,33,33,6.96,5.94,0.99,1
25.832737,33,32.5,6.96,5.94,0.99,1
25.922304,33,32,6.96,5.94,0.99,1
25.972378,33,33,6.96,5.94,0.99,1
26.013386,34,32.5,6.96,5.94,0.99,1
25.814849,34,32,6.96,5.94,0.99,1
26.001124,34,33.5,6.96,5.94,0.99,1
26.0165,34,31.5,6.96,5.94,0.99,1
26.022352,34,32,6.96,5.94,0.99,1
26.058156,34,32,6.96,5.94,0.99,1
26.082873,34,33,6.96,5.94,0.99,1
25.721483,34,34,6.96,5.94,0.99,1
25.972378,34,34,6.96,5.94,0.99,1
25.832737,34,33,6.96,5.94,0.99,1
25.922304,34,32.5,6.96,5.94,61,1
25.972378,34,32.5,6.96,5.94,0.99,1
26.013386,32,32.5,7.35,6.01,0.99,1
25.814849,32,32,7.35,6.01,675,0
26.001124,32,33,7.35,6.01,0.99,1
26.0165,32,34,7.35,6.01,0.99,1
26.022352,32,34,7.35,6.01,0.99,1
26.058156,32,32.5,7.35,6.01,0.99,1
26.082873,32,33,7.35,6.01,0.99,1
25.721483,32,33.5,7.35,6.01,0.99,1
25.972378,32,32,7.35,6.01,0.99,1
25.832737,32,33,7.35,6.01,0.99,1
25.922304,32,33.5,7.35,6.01,0.99,1
25.972378,32,32.5,7.35,6.01,0.99,1
26.013386,30,33,7.35,6.01,20,1
25.814849,30,32.5,7.35,6.01,0.99,1
26.001124,30,32,7.35,6.01,0.99,1
26.0165,30,32.5,7.35,6.01,0.99,1
26.022352,30,31,7.35,6.01,0.99,1
26.058156,30,32,7.35,6.01,0.99,1
26.082873,30,34,7.35,6.01,543,0
25.721483,30,31,7.35,6.01,0.99,1
25.972378,30,32,7.35,6.01,20,1
25.832737,30,33.5,7.35,6.01,0.99,1
25.922304,30,32.5,7.35,6.01,0.99,1
25.972378,30,33,7.35,6.01,0.99,1
26.013386,29,32.5,7.35,6.01,395,0
25.814849,29,32.5,7.35,6.01,0.99,1
26.001124,29,33,7.35,6.01,0.99,1
26.0165,29,31,7.35,6.01,0.99,1
26.022352,29,33,7.35,6.01,0.99,1
26.058156,29,32.5,7.35,6.01,272,0
26.082873,29,33,7.35,6.01,0.99,1
25.721483,29,33,7.35,6.01,0.99,1
25.972378,29,32,7.35,6.01,0.99,1
25.832737,29,31.5,7.35,6.01,0.99,1
25.922304,29,32,7.35,6.01,0.99,1
25.972378,29,32,7.35,6.01,0.99,1
26.013386,29,34,7.35,6.01,0.99,1
25.814849,29,32.5,7.35,6.01,0.99,1
26.001124,29,34,7.35,6.01,0.99,1
26.0165,29,32.5,7.35,6.01,0.99,1
26.022352,29,33,7.35,6.01,0.99,1
26.058156,29,32.5,7.35,6.01,0.99,1
26.082873,29,33,7.35,6.01,0.99,1
25.721483,29,32,7.35,6.01,0.99,1
25.972378,29,33,7.35,6.01,0.99,1
25.832737,29,31,7.35,6.01,0.99,1
25.922304,29,32,7.35,6.01,0.99,1
25.972378,29,33,7.35,6.01,0.99,1
26.013386,27,32.5,6.92,6.12,0.99,1
25.814849,27,32.5,6.92,6.12,0.99,1
26.001124,27,33,6.92,6.12,0.99,1
26.0165,27,32,6.92,6.12,20,1
26.022352,27,31,6.92,6.12,41,1
26.058156,27,32.5,6.92,6.12,0.99,1
26.082873,27,33,6.92,6.12,0.99,1
25.721483,27,31,6.92,6.12,0.99,1
25.972378,27,32.5,6.92,6.12,0.99,1
25.832737,27,33,6.92,6.12,0.99,1
25.922304,27,34,6.92,6.12,0.99,1
25.972378,27,32,6.92,6.12,0.99,1
26.013386,27,32.5,6.92,6.12,0.99,1
25.814849,27,33,6.92,6.12,0.99,1
26.001124,27,32,6.92,6.12,0.99,1
26.0165,27,31,6.92,6.12,0.99,1
26.022352,27,33,6.92,6.12,0.99,1
26.058156,27,32.5,6.92,6.12,0.99,1
26.082873,27,33,6.92,6.12,0.99,1
25.721483,27,32.5,6.92,6.12,0.99,1
25.972378,27,32,6.92,6.12,0.99,1
25.832737,27,32.5,6.92,6.12,0.99,1
25.922304,27,31,6.92,6.12,0.99,1
25.972378,27,33,6.92,6.12,0.99,1
26.013386,19,31,7.21,6.74,0.99,1
25.814849,19,33,7.21,6.74,0.99,1
26.001124,19,33,7.21,6.74,0.99,1
26.0165,19,33,7.21,6.74,0.99,1
26.022352,19,32,7.21,6.74,0.99,1
26.058156,19,34,7.21,6.74,0.99,1
26.082873,19,34,7.21,6.74,0.99,1
25.721483,19,32,7.21,6.74,0.99,1
25.972378,19,31,7.21,6.74,41,1
25.832737,19,32,7.21,6.74,0.99,1
25.922304,19,33,7.21,6.74,0.99,1
25.972378,19,32,7.21,6.74,40,1
26.013386,19.5,32.5,7.21,6.74,0.99,1
25.814849,19.5,33.5,7.21,6.74,0.99,1
26.001124,19.5,32,7.21,6.74,0.99,1
26.0165,19.5,32.5,7.21,6.74,0.99,1
26.022352,19.5,33,7.21,6.74,0.99,1
26.058156,19.5,34,7.21,6.74,0.99,1
26.082873,19.5,32,7.21,6.74,0.99,1
25.721483,19.5,34,7.21,6.74,0.99,1
25.972378,19.5,33.5,7.21,6.74,0.99,1
25.832737,19.5,34,7.21,6.74,0.99,1
25.922304,19.5,32,7.21,6.74,0.99,1
25.972378,19.5,33,7.21,6.74,0.99,1
26.013386,16,32,7.58,6.08,487,0
26.0165,16,32,7.58,6.08,683,0
26.007668,16,32,7.58,6.08,0.99,1
26.022352,16,33,7.58,6.08,0.99,1
26.058156,16,32,7.58,6.08,187,1
26.082873,16,32,7.58,6.08,0.99,1
25.721483,16,32,7.58,6.08,30,1
25.972378,16,33,7.58,6.08,0.99,1
25.798917,16,33,7.58,6.08,275,0
25.832737,16,33,7.58,6.08,0.99,1
25.922304,16,34,7.58,6.08,124,1
25.972378,16,32,7.58,6.08,0.99,1
26.013386,16.5,33.5,7.2,6.08,809,0
26.0165,16.5,34,7.2,6.08,1054,0
26.007668,16.5,33.5,7.2,6.08,663,0
26.022352,16.5,33.5,7.2,6.08,0.99,1
26.058156,16.5,32,7.2,6.08,0.99,1
26.082873,16.5,31,7.2,6.08,0.99,1
25.721483,16,33,7.2,6.08,0.99,1
25.972378,16,32,7.2,6.08,0.99,1
25.798917,16,32,7.2,6.08,0.99,1
25.832737,16.5,32.5,7.2,6.08,0.99,1
25.922304,16.5,33,7.2,6.08,61,1
25.972378,16.5,32.5,7.2,6.08,0.99,1
26.013386,16,32,7.2,6.08,0.99,1
26.0165,16,33,7.2,6.08,0.99,1
26.007668,16,32,7.2,6.08,0.99,1
26.022352,16,32.5,7.2,6.08,0.99,1
26.058156,16,33,7.2,6.08,0.99,1
26.082873,16,32.5,7.2,6.08,0.99,1
25.721483,16,32.5,7.2,6.08,0.99,1
25.972378,16,32,7.2,6.08,0.99,1
25.798917,16,33,7.2,6.08,0.99,1
25.832737,16,32.5,7.2,6.08,0.99,1
25.922304,16,32,7.2,6.08,0.99,1
25.972378,16,32.5,7.2,6.08,0.99,1
26.013386,16.5,32,6.98,7.09,0.99,1
26.0165,16.5,33,6.98,7.09,0.99,1
26.007668,16,31,6.98,7.09,0.99,1
26.022352,16.5,32,6.98,7.09,0.99,1
26.058156,17,33,6.98,7.09,0.99,1
26.082873,17,32,6.98,7.09,0.99,1
25.721483,16,33,6.98,7.09,0.99,1
25.972378,16,32.5,6.98,7.09,0.99,1
25.798917,16,32.5,6.98,7.09,0.99,1
25.832737,16,32.5,6.98,7.09,0.99,1
25.922304,16,32.5,6.98,7.09,0.99,1
25.972378,16,33,6.98,7.09,0.99,1
26.013386,17,32.5,6.98,7.09,0.99,1
26.0165,17,33,6.98,7.09,0.99,1
26.007668,16.5,32,6.98,7.09,0.99,1
26.022352,17,32.5,6.98,7.09,0.99,1
26.058156,17,33,6.98,7.09,0.99,1
26.082873,17,32.5,6.98,7.09,0.99,1
25.721483,16.5,34,6.98,7.09,0.99,1
25.972378,16.5,32,6.98,7.09,0.99,1
25.798917,16.5,33,6.98,7.09,0.99,1
25.832737,16,32,6.98,7.09,0.99,1
25.922304,16,31,6.98,7.09,0.99,1
25.972378,16.5,32,6.98,7.09,0.99,1
26.013386,17,33,7.62,7.16,96,1
26.0165,17,32.5,7.62,7.16,82,1
26.007668,17,32.5,7.62,7.16,0.99,1
26.022352,17,33,7.62,7.16,0.99,1
26.058156,17,33,7.62,7.16,0.99,1
26.082873,17,32.5,7.62,7.16,0.99,1
25.721483,17,32.5,7.62,7.16,20,1
25.972378,17,33,7.62,7.16,0.99,1
25.798917,17,33.5,7.62,7.16,0.99,1
25.832737,17,34,7.62,7.16,0.99,1
25.922304,17,34,7.62,7.16,0.99,1
25.972378,17,33,7.62,7.16,0.99,1
26.013386,16.5,33,7.62,7.16,0.99,1
26.0165,16.5,32.5,7.62,7.16,0.99,1
26.007668,16,33,7.62,7.16,0.99,1
26.022352,16.5,32,7.62,7.16,0.99,1
26.058156,16.5,32,7.62,7.16,0.99,1
26.082873,16.5,31,7.62,7.16,0.99,1
25.721483,16,33,7.62,7.16,0.99,1
25.972378,16,32.5,7.62,7.16,0.99,1
25.798917,16,33,7.62,7.16,0.99,1
25.832737,16,32.5,7.62,7.16,0.99,1
25.922304,16,32.5,7.62,7.16,0.99,1
25.972378,16,32.5,7.62,7.16,0.99,1
26.013386,17,34,7.62,7.16,0.99,1
26.0165,17,33,7.62,7.16,0.99,1
26.007668,17,34,7.62,7.16,0.99,1
26.022352,17.5,32,7.62,7.16,0.99,1
26.058156,17.5,32.5,7.62,7.16,0.99,1
26.082873,17.5,33,7.62,7.16,0.99,1
25.721483,17,32.5,7.62,7.16,0.99,1
25.972378,17,32,7.62,7.16,0.99,1
25.798917,17,33,7.62,7.16,0.99,1
25.832737,17,32.5,7.62,7.16,0.99,1
25.922304,17,33,7.62,7.16,0.99,1
25.972378,17,32.5,7.62,7.16,0.99,1
26.013386,18,32,6.63,6.8,0.99,1
26.0165,18,32.5,6.63,6.8,0.99,1
26.007668,18,33,6.63,6.8,173,1
26.022352,18,33,6.63,6.8,0.99,1
26.058156,18,34,6.63,6.8,0.99,1
26.082873,18,33,6.63,6.8,0.99,1
25.721483,18,32.5,6.63,6.8,122,1
25.972378,18,32,6.63,6.8,0.99,1
25.798917,18,33,6.63,6.8,0.99,1
25.832737,18,32.5,6.63,6.8,0.99,1
25.922304,18,33,6.63,6.8,0.99,1
25.972378,18,32.5,6.63,6.8,0.99,1
26.013386,20,33,6.63,6.8,171,1
26.0165,20,32.5,6.63,6.8,0.99,1
26.007668,20,32.5,6.63,6.8,0.99,1
26.022352,20,32.5,6.63,6.8,0.99,1
26.058156,20.5,32.5,6.63,6.8,0.99,1
26.082873,20.5,33,6.63,6.8,0.99,1
25.721483,19,32,6.63,6.8,0.99,1
25.972378,19.5,31,6.63,6.8,0.99,1
25.798917,19.5,32,6.63,6.8,0.99,1
25.832737,19.5,31,6.63,6.8,147,1
25.922304,19.5,33,6.63,6.8,0.99,1
25.972378,20,32,6.63,6.8,0.99,1
26.013386,21,33,6.63,6.8,0.99,1
26.0165,21,32,6.63,6.8,0.99,1
26.007668,21,32.5,6.63,6.8,0.99,1
26.022352,21,32,6.63,6.8,0.99,1
26.058156,22,31,6.63,6.8,0.99,1
26.082873,22,32.5,6.63,6.8,0.99,1
25.721483,20,33,6.63,6.8,0.99,1
25.972378,20.5,32.5,6.63,6.8,0.99,1
25.798917,20.5,33,6.63,6.8,0.99,1
25.832737,21,33,6.63,6.8,0.99,1
25.922304,21.5,32.5,6.63,6.8,0.99,1
25.972378,21,33,6.63,6.8,0.99,1
26.013386,25.85,33,8.44,7.13,109,1
26.0165,25.73,32.5,8.45,6.8,0.99,1
26.007668,25.29,32.5,8.4,6.62,63,1
26.022352,25.44,33,8.41,6.62,0.99,1
26.058156,25.17,32.5,8.48,7.01,0.99,1
26.082873,25.79,32,8.56,8.62,20,1
25.721483,25.15,32.5,8.07,4.21,31,1
25.972378,25.25,32.5,8.41,6.29,52,1
25.798917,25.54,33,8.51,7.01,0.99,1
25.832737,24.96,32.5,8.45,6.77,0.99,1
25.922304,25.02,33,8.46,6.68,0.99,1
25.972378,24.51,32,8.38,6.26,0.99,1
26.013386,26.98,33,8.49,7.97,0.99,1
26.0165,27.02,32,8.43,6.66,0.99,1
26.007668,26.74,32.5,8.45,6.27,0.99,1
26.022352,23.63,32,8.43,6.67,0.99,1
26.058156,26.59,32.5,8.46,6.88,0.99,1
26.082873,27.38,32,8.52,7.53,0.99,1
25.721483,25.5,33,8.08,4.68,0.99,1
25.972378,25.09,33.5,8.38,6.36,0.99,1
25.798917,26.01,32.5,8.42,6.64,0.99,1
25.832737,25.84,33,8.44,6.59,0.99,1
25.922304,26.38,32.5,8.4,6.09,0.99,1
25.972378,26.69,33,8.42,6.41,10,1
26.013386,26.69,33,8.5,7.85,14370,0
26.0165,26.44,32,8.43,6.77,0.99,1
26.007668,27.22,32.5,8.43,6.81,0.99,1
26.022352,26.9,32.5,8.44,6.76,0.99,1
26.058156,26.91,33,8.43,6.88,0.99,1
26.082873,27.08,32,8.56,9.34,0.99,1
25.721483,25.13,32.5,8.2,4.89,0.99,1
25.972378,25.34,33,8.41,6.25,0.99,1
25.798917,26.65,34,8.44,6.77,0.99,1
25.832737,25.57,34,8.39,5.85,0.99,1
25.922304,25.49,32.5,8.42,6.41,447,0
25.972378,27.22,33,8.39,6.48,0.99,1
26.013386,23.23,32.5,8.4,6.9,0.99,1
26.0165,22.68,33,8.41,7.21,0.99,1
26.007668,25.61,33,8.35,6.28,0.99,1
26.022352,22.68,32.4,8.41,6.9,0.99,1
26.058156,22.68,32.4,8.41,6.9,0.99,1
26.082873,22.68,32.4,8.41,6.9,0.99,1
25.721483,23,32,8.32,6.27,0.99,1
25.972378,21.5,32.5,8.44,7.48,0.99,1
25.798917,25.23,32,8.38,6.43,0.99,1
25.832737,25.23,33,8.38,6.39,0.99,1
25.922304,22.66,32.5,8.42,6.88,0.99,1
25.972378,24.78,34,8.45,7.41,0.99,1
26.013386,24.8,32.5,8.42,7.47,0.99,1
26.0165,24.8,32.4,8.42,6.9,0.99,1
26.007668,24.83,33,8.41,6.34,0.99,1
26.022352,24.8,32.4,8.42,6.9,0.99,1
26.058156,24.8,32.4,8.42,6.9,0.99,1
26.082873,24.8,32.4,8.42,6.9,0.99,1
25.721483,22.68,32.4,8.41,6.9,0.99,1
25.972378,22.56,32.5,8.42,7.16,0.99,1
25.798917,22.14,33,8.48,7.12,0.99,1
25.832737,22.93,32.5,8.45,7.66,0.99,1
25.922304,23.57,33,8.35,6.68,0.99,1
25.972378,24.42,35,8.4,6.34,0.99,1
26.013386,24.65,32.5,8.49,7.17,0.99,1
26.0165,24.95,32,8.49,7.21,0.99,1
26.007668,34.64,33,8.47,7.14,0.99,1
26.022352,25.38,33,8.56,7.44,0.99,1
26.058156,25.45,33,8.51,7.45,0.99,1
26.082873,25.41,34,8.43,7.43,0.99,1
25.721483,23.51,33,8.42,8.34,0.99,1
25.972378,23.63,32.5,8.43,8.68,0.99,1
25.798917,23.75,32,8.41,7.07,0.99,1
25.832737,23.76,32.5,8.44,6.96,0.99,1
25.922304,24.3,33,8.48,6.52,0.99,1
25.972378,23.59,32.5,8.43,7.06,0.99,1
26.013386,26.85,32.5,8.41,8.62,20,1
26.0165,26.92,33,8.46,4.68,0.99,1
26.007668,26.36,33,8.43,7.01,0.99,1
26.022352,27.01,32.5,8.41,6.36,0.99,1
26.058156,27.02,33.5,8.42,6.64,0.99,1
26.082873,27.09,33.5,8.46,6.59,0.99,1
25.721483,26.02,33.5,8.41,6.68,0.99,1
25.972378,26.08,32,8.44,6.26,0.99,1
25.798917,26.01,33,8.39,6.62,0.99,1
25.832737,26.03,33.5,8.29,7.13,0.99,1
25.922304,26.03,34,8.39,6.8,0.99,1
25.972378,26.52,34.5,8.42,6.62,0.99,1
26.013386,27.58,32,8.39,7.44,0.99,1
26.0165,27.95,32,8.42,7.45,0.99,1
26.007668,27.54,32,8.32,7.21,0.99,1
26.022352,28.04,33,8.44,7.43,0.99,1
26.058156,28.53,33,8.45,6.68,0.99,1
26.082873,28.63,33,8.43,6.26,0.99,1
25.721483,26.08,32,8.45,6.09,0.99,1
25.972378,26.52,32,8.43,6.41,0.99,1
25.798917,26.36,33,8.44,6.27,0.99,1
25.832737,26.85,33,8.41,7.97,0.99,1
25.922304,27.01,34,8.36,6.66,86,1
25.972378,27.63,34.5,8.41,7.17,0.99,1
26.013386,28.73,34,8.42,7.43,120,1
26.0165,28.85,34,8.43,6.68,0.99,1
26.007668,28.72,34,8.4,7.45,0.99,1
26.022352,28.56,33,8.42,7.17,0.99,1
26.058156,28.36,32.5,8.4,7.21,0.99,1
26.082873,28.96,33.5,8.42,7.44,0.99,1
25.721483,27.85,33,8.47,6.62,0.99,1
25.972378,27.23,33,8.41,7.13,0.99,1
25.798917,27.89,32.5,8.42,6.8,0.99,1
25.832737,27.65,33,8.42,6.62,0.99,1
25.922304,28.09,33.5,8.43,6.62,0.99,1
25.972378,28.06,33,8.39,7.44,0.99,1
26.013386,29.02,33,8.43,6.68,0.99,1
26.0165,29.03,32.5,8.41,7.17,0.99,1
26.007668,28.08,32.5,8.41,7.43,0.99,1
26.022352,29.55,33.5,8.42,7.21,0.99,1
26.058156,29.36,32.5,8.43,7.44,0.99,1
26.082873,29.63,33,8.44,7.45,0.99,1
25.721483,28.13,34,8.41,7.45,20,1
25.972378,28.23,34.5,8.42,6.29,0.99,1
25.798917,28.16,34.5,8.43,7.01,0.99,1
25.832737,28.57,33,8.38,6.77,0.99,1
25.922304,28.14,34.5,8.39,6.68,0.99,1
25.972378,28.16,34.5,8.37,6.26,0.99,1
26.013386,29.63,33,8.49,7.97,0.99,1
26.0165,29.85,32.5,8.49,6.66,0.99,1
26.007668,29.35,32.5,8.39,6.27,0.99,1
26.022352,29.98,34,8.41,7.17,0.99,1
26.058156,30.21,34,8.42,7.21,0.99,1
26.082873,30.23,34,8.44,7.44,0.99,1
25.721483,29.06,34,8.42,6.29,0.99,1
25.972378,29.08,32.5,8.42,7.01,0.99,1
25.798917,29.08,33,8.41,6.77,30,1
25.832737,29.07,32.5,8.43,6.68,0.99,1
25.922304,29.08,32.5,8.41,6.26,0.99,1
25.972378,29.55,33,8.39,6.41,0.99,1
26.013386,30.52,32,8.41,6.68,0.99,1
26.0165,30.25,32.5,8.42,7.17,0.99,1
26.007668,30.53,32,8.42,7.43,0.99,1
26.022352,30.36,32,8.43,7.21,0.99,1
26.058156,30.54,32.5,8.42,7.44,0.99,1
26.082873,30.25,32.5,8.41,7.45,73,1
25.721483,29.69,32.5,8.41,7.45,0.99,1
25.972378,29.62,33,8.44,7.43,0.99,1
25.798917,29.85,33.5,8.42,6.68,0.99,1
25.832737,29.88,33,8.41,6.62,0.99,1
25.922304,30.02,33,8.41,7.44,51,1
25.972378,30.4,32.5,8.43,7.45,0.99,1
26.013386,29.06,32.5,8.41,7.43,0.99,1
26.0165,29.08,32.5,8.42,6.68,60,1
26.007668,29.63,33,8.49,7.45,0.99,1
26.022352,29.08,32,8.44,7.17,0.99,1
26.058156,29.07,32.5,8.41,7.21,0.99,1
26.082873,29.08,32.5,8.44,7.44,0.99,1
25.721483,28.16,33,8.41,6.29,0.99,1
25.972378,28.08,32.5,8.43,7.01,0.99,1
25.798917,29.02,33,8.41,6.77,0.99,1
25.832737,29.03,32.5,8.39,6.68,0.99,1
25.922304,29.55,32,8.39,6.62,0.99,1
25.972378,29.36,33,8.49,7.44,0.99,1
26.013386,26.36,31.2,8.43,6.09,0.99,1
26.0165,26.85,31.2,8.47,6.09,0.99,1
26.007668,26.52,31.2,8.45,6.09,0.99,1
26.022352,26.92,31.2,8.41,6.68,0.99,1
26.058156,27.01,33,8.42,7.17,0.99,1
26.082873,27.02,32.5,8.42,7.21,0.99,1
25.721483,29.55,33,8.42,7.45,0.99,1
25.972378,29.35,32,8.41,6.29,40,1
25.798917,29.63,32.5,8.41,7.01,0.99,1
25.832737,26.01,33,8.43,6.77,0.99,1
25.922304,26.03,34,8.42,6.68,0.99,1
25.972378,26.03,33,8.41,6.09,0.99,1
26.013386,27,32.5,8.42,7.44,0.99,1
26.0165,27,33,8.41,7.45,0.99,1
26.007668,27,32,8.4,6.62,0.99,1
26.022352,27,32.5,8.42,7.43,41,1
26.058156,27.5,33,8.42,6.68,0.99,1
26.082873,27.5,32.5,8.43,7.17,0.99,1
25.721483,27.09,33,8.43,7.44,31,1
25.972378,26.08,32,8.39,7.45,0.99,1
25.798917,26.52,32.5,8.4,6.29,0.99,1
25.832737,27.5,33,8.42,7.01,0.99,1
25.922304,27,34,8.43,6.77,0.99,1
25.972378,27,33,8.42,6.68,50,1
26.013386,29.55,33,8.29,7.17,120,1
26.0165,29.36,34,8.39,7.21,0.99,1
26.007668,27,32.5,8.39,6.68,0.99,1
26.022352,29.63,32.5,8.42,7.44,0.99,1
26.058156,29.06,33,8.43,7.45,0.99,1
26.082873,29.08,32.5,8.41,6.29,0.99,1
25.721483,27.5,33,8.39,7.21,0.99,1
25.972378,28,32,8.4,7.44,0.99,1
25.798917,28,32.5,8.42,7.45,85,1
25.832737,28,33,8.43,6.29,0.99,1
25.922304,27,34,8.41,7.01,0.99,1
25.972378,27,33,8.44,6.77,0.99,1
26.013386,26.03,32.5,8.42,7.01,0.99,1
26.0165,26.03,33,8.44,6.77,0.99,1
26.007668,26.01,33,8.41,6.29,0.99,1
26.022352,28.36,32.5,8.41,6.68,0.99,1
26.058156,28.96,33,8.44,6.68,0.99,1
26.082873,28.13,32.5,8.42,6.68,0.99,1
25.721483,29.08,33,8.46,7.01,0.99,1
25.972378,29.07,32,8.41,6.77,0.99,1
25.798917,29.08,32.5,8.42,6.68,0.99,1
25.832737,29.55,33,8.46,7.21,0.99,1
25.922304,29.35,34,8.45,7.44,107,1
25.972378,29.63,32.5,8.49,7.45,0.99,1
26.013386,29.03,32,8.47,6.29,0.99,1
26.0165,29.55,32.5,8.41,7.01,0.99,1
26.007668,29.02,32.5,8.43,7.45,0.99,1
26.022352,29.36,33,8.42,6.77,97,1
26.058156,29.63,32.5,8.42,6.68,0.99,1
26.082873,28.08,33,8.43,7.17,0.99,1
25.721483,28.23,33,8.41,6.68,0.99,1
25.972378,28.16,32,8.41,6.68,0.99,1
25.798917,28.57,32,8.43,6.68,0.99,1
25.832737,28.14,33.5,8.42,6.68,108,1
25.922304,28.16,32,8.41,7.21,0.99,1
25.972378,28.08,35,8.45,7.44,0.99,1
26.013386,29.02,32.5,8.41,7.44,0.99,1
26.0165,29.03,33,8.41,7.45,0.99,1
26.007668,28.08,33,8.41,6.62,0.99,1
26.022352,29.55,34,8.42,7.43,41,1
26.058156,29.36,33,8.41,6.68,0.99,1
26.082873,29.63,34,8.41,6.68,0.99,1
25.721483,29.02,32.5,8.43,7.21,0.99,1
25.972378,29.03,32.5,8.43,7.44,0.99,1
25.798917,29.55,33,8.43,7.45,0.99,1
25.832737,29.36,32.5,8.42,6.29,0.99,1
25.922304,29.63,33,8.43,7.01,0.99,1
25.972378,29.63,32.5,8.41,6.68,0.99,1
26.013386,29.02,32.5,8.45,7.45,0.99,1
26.0165,29.03,33,8.49,6.29,0.99,1
26.007668,28.08,33,8.46,7.44,0.99,1
26.022352,29.55,32,8.41,7.01,0.99,1
26.058156,29.36,32.5,8.42,6.77,0.99,1
26.082873,29.63,33,8.44,6.68,84,1
25.721483,28.08,34,8.42,6.68,0.99,1
25.972378,29.02,33,8.43,6.68,0.99,1
25.798917,29.03,32.5,8.41,6.68,0.99,1
25.832737,29.55,33,8.46,6.68,0.99,1
25.922304,29.36,34,8.41,6.68,0.99,1
25.972378,29.63,32.5,8.42,7.21,0.99,1
26.013386,27.5,32.5,8.41,6.62,160,1
26.0165,28,32.5,8.45,7.44,0.99,1
26.007668,27.5,33,8.42,6.68,51,1
26.022352,28,32.5,8.45,7.45,0.99,1
26.058156,28,32.5,8.45,7.43,0.99,1
26.082873,27,32.5,8.45,6.68,0.99,1
25.721483,29.63,34,8.41,7.17,0.99,1
25.972378,27,32.5,8.44,7.21,0.99,1
25.798917,27,33,8.42,7.44,0.99,1
25.832737,27,32.5,8.41,7.45,0.99,1
25.922304,27,33,8.41,6.29,0.99,1
25.972378,27.5,32.5,8.43,7.01,0.99,1
26.013386,23,33,8.68,8.19,0.99,1
26.0165,22,32,8.63,7.33,0.99,1
26.007668,23,33,8.84,7.95,0.99,1
26.022352,24,33,8.64,7.44,0.99,1
26.058156,22,33,8.71,9.92,0.99,1
26.082873,20,32,8.71,8.08,0.99,1
25.721483,20,32,8.76,9.12,0.99,1
25.972378,20,33,8.71,8.86,0.99,1
25.798917,23,33,8.75,9.04,0.99,1
25.832737,23,30,8.67,7.38,0.99,1
25.922304,23,32,8.58,7.31,0.99,1
25.972378,23,33,8.63,7.78,0.99,1
26.013386,19,31,8.88,7.86,0.99,1
26.0165,19,31.5,8.86,7.83,0.99,1
26.007668,18,30.5,8.81,7.71,0.99,1
26.022352,19,31,8.86,7.83,0.99,1
26.058156,18,29,8.77,7.77,0.99,1
26.082873,18,31,8.8,7.97,0.99,1
25.721483,18,31,8.85,7.78,0.99,1
25.972378,19,31,8.86,7.89,0.99,1
25.798917,20,32,8.85,7.72,10,1
25.832737,22,31.5,8.81,7.54,0.99,1
25.922304,18.5,31,8.87,8.07,0.99,1
25.972378,18,31,8.81,7.63,0.99,1
26.013386,21,32,8.77,8.42,0.99,1
26.0165,22,32,8.65,7.42,0.99,1
26.007668,25,33,8.72,7.47,0.99,1
26.022352,23,32,8.66,7.61,0.99,1
26.058156,23,33,8.82,7.22,0.99,1
26.082873,23,32,8.93,7.42,0.99,1
25.721483,21,31.5,8.66,7.32,0.99,1
25.972378,21.5,31,8.76,8.48,0.99,1
25.798917,21,33,8.87,9.54,0.99,1
25.832737,23,33,8.8,7.61,0.99,1
25.922304,23,33.5,8.82,7.94,0.99,1
25.972378,24,34,8.79,7.09,0.99,1
26.022198,29.15,35.2,7.35,6.01,0.99,1
25.972652,29.9,35,7.35,6.01,0.99,1
26.056492,28.82,35.4,7.35,6.01,0.99,1
25.726044,28.82,35.9,7.35,6.01,0.99,1
25.741846,29.01,35.6,7.35,6.01,0.99,1
25.878122,29.27,35.2,7.35,6.01,0.99,1
26.013386,18,32,9,7.81,0.99,1
26.0165,18,31.5,8.97,7.82,10,1
26.007668,19,32,9.06,7.76,10,1
26.022352,19,32.5,8.97,7.67,10,1
26.058156,19,32,9.02,7.92,0.99,1
26.082873,18,34,9.12,7.79,0.99,1
25.721483,18,31,9.19,7.77,0.99,1
25.972378,17,31.5,8.95,7.97,0.99,1
25.798917,19,32,9.09,8.12,0.99,1
25.832737,19,31.5,9.08,7.76,0.99,1
25.922304,18.5,32,8.99,7.84,0.99,1
25.972378,18,31.5,9,7.83,0.99,1
26.013386,22.05,35.1,9.59,7.75,0.99,1
26.0165,22.28,35,9.59,7.18,0.99,1
26.007668,22.14,35.2,9.62,7.87,0.99,1
26.022352,22.14,35.2,9.5,6.69,0.99,1
26.058156,21.69,36.1,9.75,7.74,0.99,1
26.082873,21.61,35,9.92,8.44,0.99,1
25.721483,21.5,35.2,9.62,8.34,0.99,1
25.972378,22.16,35.1,9.65,8.29,0.99,1
25.798917,22.98,35.3,9.51,7.95,0.99,1
25.832737,22.19,35.2,9.54,8.35,0.99,1
25.922304,21.97,35.2,9.64,7.6,0.99,1
25.972378,22.65,35.3,9.66,7.47,0.99,1
26.022198,27,33,6.74,6.33,0.99,1
25.972652,25,33,6.74,6.33,0.99,1
26.056492,26,34,6.74,6.33,0.99,1
25.726044,29,32,6.74,6.33,0.99,1
25.741846,27,32,6.74,6.33,0.99,1
25.878122,26,33,6.74,6.33,10,1
26.013386,20.64,35.1,9.56,7.34,0.99,1
26.0165,20.62,35.1,9.57,6.57,0.99,1
26.007668,20.46,32.2,9.57,7.22,0.99,1
26.022352,20.6,35.3,9.67,7.43,0.99,1
26.058156,20.62,35.5,9.75,7.51,0.99,1
26.082873,20.66,35,9.89,7.96,0.99,1
25.721483,21.4,35.3,9.51,7.53,0.99,1
25.972378,21.1,32.2,9.56,7.42,0.99,1
25.798917,21.75,35.3,9.63,7.66,0.99,1
25.832737,21.77,32.3,9.64,7.88,0.99,1
25.922304,21.12,32.3,9.61,7.35,0.99,1
25.972378,21.56,35.4,9.56,6.96,0.99,1
26.013386,21.75,35.1,9.56,7.34,0.99,1
26.0165,21.81,35.4,9.57,6.57,0.99,1
26.007668,21.69,32.3,9.57,7.22,0.99,1
26.022352,21.95,35.5,9.67,7.43,0.99,1
26.058156,21.02,35.5,9.75,7.51,0.99,1
26.082873,21.21,35.4,9.89,7.96,0.99,1
25.721483,21,33.5,9.51,7.53,0.99,1
25.972378,22,31,9.56,7.42,0.99,1
25.798917,22,32,9.63,7.66,0.99,1
25.832737,21.7,32.5,9.64,7.88,0.99,1
25.922304,21,33,9.61,7.35,0.99,1
25.972378,21,33,9.56,6.96,0.99,1
26.013386,22,32.5,9.84,7.4,195,1
26.0165,22,31.5,9.83,7.52,0.99,1
26.007668,22,32,9.77,7.28,0.99,1
26.022352,21.5,32,9.76,7.38,0.99,1
26.058156,21,32,9.8,7.62,545,0
26.082873,20,31,9.66,7.65,259,0
25.721483,23,32,9.77,6.8,0.99,1
25.972378,23,32,9.77,6.8,20,1
25.798917,24,33,9.77,6.8,0.99,1
25.832737,23,32,9.77,6.8,31,1
25.922304,23,33.5,9.77,6.8,0.99,1
25.972378,22.5,32,9.77,6.8,10,1
26.022198,21.84,34.7,6.7,6.9,0.99,1
25.972652,21.03,34.5,6.7,6.9,0.99,1
26.056492,21.88,34.3,7.21,6.9,0.99,1
25.726044,23.3,34.3,6.7,6.9,0.99,1
25.741846,23.36,34.5,6.7,6.9,0.99,1
25.878122,22.33,34.3,6.7,6.9,0.99,1
26.013386,23,32,9.1,6.8,0.99,1
26.0165,23,32,9.1,6.8,0.99,1
26.007668,23,32,9.1,6.91,0.99,1
26.022352,23,32,9.1,6.8,0.99,1
26.058156,22,32,9.1,6.8,0.99,1
26.082873,22,32,9.1,6.8,0.99,1
25.721483,25,33,9.14,8.13,0.99,1
25.972378,25,33,9.31,8.25,0.99,1
25.798917,25,34,9.34,8.62,0.99,1
25.832737,25.79,33,9.2,6.82,0.99,1
25.922304,25,33,9.21,7.57,0.99,1
25.972378,25,32,9.18,6.64,0.99,1
26.013386,20,32,9.22,7.18,0.99,1
26.0165,22.49,32,9.25,7.41,0.99,1
26.007668,22.59,33,9.23,7.28,0.99,1
26.022352,22.29,32,9.18,7.06,0.99,1
26.058156,22,32,9.1,7.13,0.99,1
26.082873,23.5,34,9.14,7.08,0.99,1
25.721483,25.78,33,9.2,7.57,0.99,1
25.972378,25,32,9.25,7.84,0.99,1
25.798917,25,33,9.28,9,0.99,1
25.832737,24,33,9.24,7.6,0.99,1
25.922304,23,33,9.14,7.14,0.99,1
25.972378,23,33,9.11,6.86,0.99,1
26.013386,24.72,34.7,9.89,6.45,0.99,1
26.0165,24.37,34.8,9.89,6.89,0.99,1
26.007668,24.28,34.8,9.89,6.53,0.99,1
26.022352,24.23,34.9,9.89,6.74,0.99,1
26.058156,22,32,9.89,6.69,0.99,1
26.082873,24.47,34.8,9.89,6.58,0.99,1
25.721483,25.47,35.1,9.98,7.4,0.99,1
25.972378,25.13,34.4,9.97,7.6,0.99,1
25.798917,25.93,34.9,9.89,7.94,0.99,1
25.832737,25.14,33,9.89,7.4,0.99,1
25.922304,25.12,35,9.89,7.18,0.99,1
25.972378,24.48,34.9,9.89,6.82,0.99,1
26.022198,26,32,6.7,6.9,0.99,1
25.972652,27,32,6.7,6.9,0.99,1
26.056492,26,33,6.7,6.9,0.99,1
25.726044,28,33,6.7,6.9,0.99,1
25.741846,28,33,6.7,6.9,0.99,1
25.878122,27,32,6.7,6.9,0.99,1
26.013386,23.7,33.5,6.7,6.9,0.99,1
26.0165,25.45,32.4,6.7,6.9,0.99,1
26.007668,24.5,34.8,6.7,6.9,0.99,1
26.022352,23.4,34.7,6.7,6.9,0.99,1
26.058156,23.15,35,6.7,6.9,0.99,1
26.082873,22.85,35.1,6.7,6.9,0.99,1
25.721483,26.9,34.8,6.7,6.9,0.99,1
25.972378,26.12,34.5,6.7,6.9,0.99,1
25.798917,25.89,34.6,6.7,6.9,0.99,1
25.832737,26.2,34.9,6.7,6.9,0.99,1
25.922304,25.6,34.8,6.7,6.9,0.99,1
25.972378,26.04,35,6.7,6.9,0.99,1
26.022198,26,32,6.74,6.33,594,0
25.972652,27,32,6.74,6.33,722,0
26.056492,26,32,6.74,6.33,323,0
25.726044,28,32,6.74,6.33,148,1
25.741846,28,33,6.74,6.33,767,0
25.878122,28,33,6.74,6.33,0.99,1
26.022198,26.97,34.8,6.7,6.9,0.99,1
25.972652,29.4,35,6.7,6.9,0.99,1
26.056492,26.46,34.9,6.7,6.9,0.99,1
25.726044,30.9,35.2,6.7,6.9,0.99,1
25.741846,28.42,34.4,6.7,6.9,0.99,1
25.878122,28.97,34.7,6.7,6.9,0.99,1
26.013386,26.87,34.3,6.7,6.9,0.99,1
26.0165,26.77,34.7,6.7,6.9,0.99,1
26.007668,28.36,34.8,6.7,6.9,0.99,1
26.022352,26.97,34.8,6.7,6.9,0.99,1
26.058156,26.46,34.9,6.7,6.9,0.99,1
26.082873,24.46,34.9,6.7,6.9,0.99,1
25.721483,30.9,35.2,6.7,6.9,0.99,1
25.972378,28.43,34.4,6.7,6.9,0.99,1
25.798917,28.77,34.8,6.7,6.9,0.99,1
25.832737,29.32,34.8,6.7,6.9,0.99,1
25.922304,29.68,34.8,6.7,6.9,0.99,1
25.972378,29.4,35,6.7,6.9,0.99,1
26.022198,26,32,6.7,6.9,0.99,1
25.972652,26,33,6.7,6.9,0.99,1
26.056492,26,32,6.7,6.9,0.99,1
25.726044,28,32,6.7,6.9,0.99,1
25.741846,28,32,6.7,6.9,0.99,1
25.878122,27,32,6.7,6.9,0.99,1
26.013386,24,32,6.7,6.9,0.99,1
26.0165,24,32,6.7,6.9,0.99,1
26.007668,25,32,6.7,6.9,0.99,1
26.022352,23,32,6.7,6.9,0.99,1
26.058156,23,32,6.7,6.9,0.99,1
26.082873,25,33,6.7,6.9,0.99,1
25.721483,26,32,6.7,6.9,0.99,1
25.972378,26,32,6.7,6.9,0.99,1
25.798917,25,32,6.7,6.9,0.99,1
25.832737,27,32,6.7,6.9,0.99,1
25.922304,25,32,6.7,6.9,0.99,1
25.972378,26,32,6.7,6.9,0.99,1
26.013386,27,32,6.7,6.9,0.99,1
26.0165,27,34,6.7,6.9,0.99,1
26.007668,26,34,6.7,6.9,0.99,1
26.022352,27.24,34.8,6.7,6.9,0.99,1
26.058156,26.75,34.9,6.7,6.9,0.99,1
26.082873,26.9,34.8,6.7,6.9,0.99,1
25.721483,27,31,6.7,6.9,0.99,1
25.972378,29,34,6.7,6.9,0.99,1
25.798917,28,32,6.7,6.9,0.99,1
25.832737,26,34,6.7,6.9,0.99,1
25.922304,27,33,6.7,6.9,0.99,1
25.972378,27,32,6.7,6.9,0.99,1
26.013386,24,33,6.74,6.33,0.99,1
26.0165,24,33,6.74,6.33,0.99,1
26.007668,26,32,6.74,6.33,0.99,1
26.022352,27,33,6.74,6.33,0.99,1
26.058156,26,34,6.74,6.33,0.99,1
26.082873,25,32,6.74,6.33,0.99,1
25.721483,29,32,6.74,6.33,0.99,1
25.972378,27,32,6.74,6.33,0.99,1
25.798917,28,32,6.74,6.33,0.99,1
25.832737,27,32,6.74,6.33,0.99,1
25.922304,26,33,6.74,6.33,0.99,1
25.972378,25,33,6.74,6.33,0.99,1
26.022198,27,34,6.74,6.33,0.99,1
25.972652,27,32,6.74,6.33,0.99,1
26.056492,26,33,6.74,6.33,0.99,1
25.726044,27,32,6.74,6.33,0.99,1
25.741846,26,34,6.74,6.33,0.99,1
25.878122,25,34,6.74,6.33,0.99,1
26.013386,26,33,6.74,6.33,0.99,1
26.0165,27,32,6.74,6.33,0.99,1
26.007668,28,32,6.74,6.33,0.99,1
26.022352,27,33,6.74,6.33,0.99,1
26.058156,27,34,6.74,6.33,0.99,1
26.082873,26,34,6.74,6.33,0.99,1
25.721483,29,34,6.74,6.33,0.99,1
25.972378,29,32,6.74,6.33,0.99,1
25.798917,30,32,6.74,6.33,0.99,1
25.832737,29,32,6.74,6.33,0.99,1
25.922304,29,33,6.74,6.33,0.99,1
25.972378,29,33,6.74,6.33,0.99,1
26.013386,28,32,6.74,6.33,30,1
26.0165,28,30,6.74,6.33,8664,0
26.007668,28,32,6.74,6.33,10,1
26.022352,28,32,6.74,6.33,1607,0
26.058156,28,31,6.74,6.33,241,0
26.082873,26,32,6.74,6.33,1119,0
25.721483,28,32,6.74,6.33,0.99,1
25.972378,28,33,6.74,6.33,20,1
25.798917,28,32,6.74,6.33,420,0
25.832737,28,33,6.74,6.33,3448,0
25.922304,28,32,6.74,6.33,0.99,1
25.972378,28,31,6.74,6.33,1039,0
26.013386,28,34,6.74,6.33,0.99,1
26.0165,28,32,6.74,6.33,0.99,1
26.007668,28,31.5,6.74,6.33,0.99,1
26.022352,28,34,6.74,6.33,0.99,1
26.058156,28,31.5,6.74,6.33,0.99,1
26.082873,28,31.5,6.74,6.33,0.99,1
25.721483,28,31.5,6.74,6.33,0.99,1
25.972378,28,31.5,6.74,6.33,0.99,1
25.798917,28,35,6.74,6.33,0.99,1
25.832737,28,31.5,6.74,6.33,0.99,1
25.922304,28,31.5,6.74,6.33,0.99,1
25.972378,28,31.5,6.74,6.33,0.99,1
26.013386,33.5,32,6.82,6.09,0.99,1
26.0165,33.5,33,6.82,6.09,37,1
26.007668,33.5,33,6.82,6.09,0.99,1
26.022352,33.5,33,6.82,6.09,0.99,1
26.058156,33.5,32,6.82,6.09,0.99,1
26.082873,33.5,33,6.82,6.09,0.99,1
25.721483,33.5,32,6.82,6.09,10,1
25.972378,33.5,32,6.82,6.09,0.99,1
25.798917,33.5,32,6.82,6.09,0.99,1
25.832737,33.5,32,6.82,6.09,0.99,1
25.922304,33.5,32,6.82,6.09,0.99,1
25.972378,33.5,33,6.82,6.09,0.99,1
26.013386,33.1,32,6.82,6.09,0.99,1
26.0165,33.1,33,6.82,6.09,0.99,1
26.007668,33.1,33,6.82,6.09,0.99,1
26.022352,33.1,33,6.82,6.09,0.99,1
26.058156,33.1,32,6.82,6.09,0.99,1
26.082873,33.1,33,6.82,6.09,0.99,1
25.721483,33.1,32,6.82,6.09,0.99,1
25.972378,33.1,32,6.82,6.09,0.99,1
25.798917,33.1,32,6.82,6.09,0.99,1
25.832737,33.1,32,6.82,6.09,0.99,1
25.922304,33.1,32,6.82,6.09,0.99,1
25.972378,33.1,33,6.82,6.09,0.99,1
26.013386,34.36,32,6.82,6.09,0.99,1
26.0165,34.72,33,6.82,6.09,0.99,1
26.007668,34.94,33,6.82,6.09,0.99,1
26.022352,34.61,33,6.82,6.09,0.99,1
26.058156,34.71,32,6.82,6.09,0.99,1
26.082873,34.7,33,6.82,6.09,0.99,1
25.721483,34.51,32,6.82,6.09,0.99,1
25.972378,34.61,32,6.82,6.09,0.99,1
25.798917,34.61,32,6.82,6.09,0.99,1
25.832737,34.11,32,6.82,6.09,0.99,1
25.922304,34.51,32,6.82,6.09,0.99,1
25.972378,34.71,33,6.82,6.09,0.99,1
26.013386,34,31.2,6.82,6.09,0.99,1
26.0165,34,31.2,6.82,6.09,20,1
26.007668,34,31.2,6.82,6.09,20,1
26.022352,34,31.2,6.82,6.09,20,1
26.058156,34,31.2,6.82,6.09,0.99,1
26.082873,34,31.2,6.82,6.09,0.99,1
25.721483,34,31.2,6.82,6.09,0.99,1
25.972378,34,31.2,6.82,6.09,0.99,1
25.798917,34,31.2,6.82,6.09,0.99,1
25.832737,34,31.2,6.82,6.09,0.99,1
25.922304,33,31.2,6.82,6.09,0.99,1
25.972378,34,31.2,6.82,6.09,0.99,1
26.013386,34,31.2,6.82,6.09,0.99,1
26.0165,34,31.2,6.82,6.09,0.99,1
26.007668,33,31.2,6.82,6.09,0.99,1
26.022352,34,31.2,6.82,6.09,0.99,1
26.013386,34,32.4,6.96,5.94,0.99,1
26.0165,34,32.4,6.96,5.94,20,1
26.007668,33,32.4,6.96,5.94,20,1
26.022352,35,32.4,6.96,5.94,20,1
26.058156,33,32.4,6.96,5.94,0.99,1
26.082873,33,32.4,6.96,5.94,0.99,1
25.721483,34,32.4,6.96,5.94,0.99,1
25.972378,34,32.4,6.96,5.94,0.99,1
25.798917,33,32.4,6.96,5.94,0.99,1
25.832737,34,32.4,6.96,5.94,0.99,1
25.922304,33,32.4,6.96,5.94,0.99,1
25.972378,32,32.4,6.96,5.94,0.99,1
26.013386,34,32.4,6.96,5.94,0.99,1
26.0165,33,32.4,6.96,5.94,0.99,1
26.007668,33,32.4,6.96,5.94,0.99,1
26.022352,34,32.4,6.96,5.94,0.99,1
26.058156,34,32.4,6.96,5.94,0.99,1
26.082873,33,32.4,6.96,5.94,0.99,1
25.721483,34,32.4,6.96,5.94,0.99,1
25.972378,34,32.4,6.96,5.94,0.99,1
25.798917,34,32.4,6.96,5.94,0.99,1
25.832737,34,32.4,6.96,5.94,0.99,1
25.922304,33,32.4,6.96,5.94,0.99,1
25.972378,34,32.4,6.96,5.94,0.99,1
26.022198,30.74,34.7,6.96,5.94,0.99,1
25.972652,30.89,34.9,6.96,5.94,0.99,1
26.056492,30.41,34.7,6.96,5.94,0.99,1
25.726044,23.93,35,6.96,5.94,0.99,1
25.741846,30.01,34.8,6.96,5.94,0.99,1
25.878122,30.01,34.7,6.96,5.94,0.99,1
26.013386,34,32.4,6.96,5.94,20,1
26.0165,34,32.4,6.96,5.94,0.99,1
26.007668,34,32.4,6.96,5.94,10,1
26.022352,34,32.4,6.96,5.94,0.99,1
26.058156,34,32.4,6.96,5.94,0.99,1
26.082873,34,32.4,6.96,5.94,0.99,1
25.721483,34,32.4,6.96,5.94,0.99,1
25.972378,34,32.4,6.96,5.94,0.99,1
25.798917,34,32.4,6.96,5.94,0.99,1
25.832737,34,32.4,6.96,5.94,0.99,1
25.922304,34,32.4,6.96,5.94,0.99,1
25.972378,34,32.4,6.96,5.94,0.99,1
26.022198,28.57,35,6.96,5.94,0.99,1
25.972652,28.04,35.1,6.96,5.94,0.99,1
26.056492,28.85,35.1,6.96,5.94,0.99,1
25.726044,28.6,34.6,6.96,5.94,0.99,1
25.741846,28.44,34.4,6.96,5.94,0.99,1
25.878122,28.45,34.5,6.96,5.94,0.99,1
26.013386,34,32.4,6.96,5.94,0.99,1
26.0165,35,32.4,6.96,5.94,0.99,1
26.007668,34,32.4,6.96,5.94,0.99,1
26.022352,34,32.4,6.96,5.94,0.99,1
26.058156,35,32.4,6.96,5.94,0.99,1
26.082873,35,32.4,6.96,5.94,0.99,1
25.721483,34,32.4,6.96,5.94,0.99,1
25.972378,34,32.4,6.96,5.94,0.99,1
25.798917,34,32.4,6.96,5.94,0.99,1
25.832737,34,32.4,6.96,5.94,0.99,1
25.922304,34,32.4,6.96,5.94,0.99,1
25.972378,34,32.4,6.96,5.94,0.99,1
26.013386,29,31.3,7.35,6.01,0.99,1
26.0165,33,31.3,7.35,6.01,0.99,1
26.007668,33,31.3,7.35,6.01,0.99,1
26.022352,28,31.3,7.35,6.01,0.99,1
26.058156,35,31.3,7.35,6.01,0.99,1
26.082873,35,31.3,7.35,6.01,0.99,1
25.721483,34,31.3,7.35,6.01,0.99,1
25.972378,34,31.3,7.35,6.01,0.99,1
25.798917,34,31.3,7.35,6.01,0.99,1
25.832737,34,31.3,7.35,6.01,0.99,1
25.922304,33,31.3,7.35,6.01,0.99,1
25.972378,33,31.3,7.35,6.01,0.99,1
26.022198,29.2,34.6,7.35,6.01,0.99,1
25.972652,29.27,34.4,7.35,6.01,0.99,1
26.056492,28.98,34.6,7.35,6.01,0.99,1
25.726044,28.96,34.3,7.35,6.01,0.99,1
25.741846,29.02,34.4,7.35,6.01,0.99,1
25.878122,29.19,34.5,7.35,6.01,0.99,1
26.013386,34,31.3,7.35,6.01,0.99,1
26.0165,34,31.3,7.35,6.01,0.99,1
26.007668,34,31.3,7.35,6.01,0.99,1
26.022352,34,31.3,7.35,6.01,0.99,1
26.058156,34,31.3,7.35,6.01,0.99,1
26.082873,34,31.3,7.35,6.01,0.99,1
25.721483,34,31.3,7.35,6.01,0.99,1
25.972378,34,31.3,7.35,6.01,0.99,1
25.798917,34,31.3,7.35,6.01,0.99,1
25.832737,34,31.3,7.35,6.01,0.99,1
25.922304,34,31.3,7.35,6.01,0.99,1
25.972378,34,31.3,7.35,6.01,0.99,1
26.022198,27.7,34.5,7.35,6.01,0.99,1
25.972652,27.48,34.3,7.35,6.01,0.99,1
26.056492,27.38,34.4,7.35,6.01,0.99,1
25.726044,28.33,34.3,7.35,6.01,0.99,1
25.741846,28.29,34.3,7.35,6.01,0.99,1
25.878122,27.87,34.1,7.35,6.01,0.99,1
26.013386,34,31.3,7.35,6.01,0.99,1
26.0165,34,31.3,7.35,6.01,0.99,1
26.007668,34,31.3,7.35,6.01,0.99,1
26.022352,34,31.3,7.35,6.01,0.99,1
26.058156,34,31.3,7.35,6.01,0.99,1
26.082873,34,31.3,7.35,6.01,0.99,1
25.721483,34,31.3,7.35,6.01,0.99,1
25.972378,34,31.3,7.35,6.01,0.99,1
25.798917,34,31.3,7.35,6.01,0.99,1
25.832737,34,31.3,7.35,6.01,0.99,1
25.922304,34,31.3,7.35,6.01,0.99,1
25.972378,34,31.3,7.35,6.01,0.99,1
26.013386,34,31.3,7.35,6.01,0.99,1
26.0165,34,31.3,7.35,6.01,0.99,1
26.007668,34,31.3,7.35,6.01,0.99,1
26.022352,34,31.3,7.35,6.01,63,1
26.058156,34,31.3,7.35,6.01,0.99,1
26.082873,34,31.3,7.35,6.01,0.99,1
25.721483,34,31.3,7.35,6.01,0.99,1
25.972378,34,31.3,7.35,6.01,0.99,1
25.798917,34,31.3,7.35,6.01,40,1
25.832737,34,31.3,7.35,6.01,20,1
25.922304,34,31.3,7.35,6.01,10,1
25.972378,34,31.3,7.35,6.01,108,1
26.013386,34,31.5,6.92,6.12,0.99,1
26.0165,34,31.5,6.92,6.12,0.99,1
26.007668,34,31.5,6.92,6.12,10,1
26.022352,34,31.5,6.92,6.12,0.99,1
26.058156,34,31.5,6.92,6.12,0.99,1
26.082873,34,31.5,6.92,6.12,0.99,1
25.721483,34,31.5,6.92,6.12,0.99,1
25.972378,34,31.5,6.92,6.12,0.99,1
25.798917,34,31.5,6.92,6.12,0.99,1
25.832737,34,31.5,6.92,6.12,0.99,1
25.922304,34,31.5,6.92,6.12,0.99,1
25.972378,34,31.5,6.92,6.12,0.99,1
26.013386,31,31.5,6.92,6.12,0.99,1
26.0165,31,31.5,6.92,6.12,0.99,1
26.007668,31,31.5,6.92,6.12,0.99,1
26.022352,31,31.5,6.92,6.12,0.99,1
26.058156,33,31.5,6.92,6.12,0.99,1
26.082873,31,31.5,6.92,6.12,0.99,1
25.721483,33,31.5,6.92,6.12,0.99,1
25.972378,33,31.5,6.92,6.12,0.99,1
25.798917,33,31.5,6.92,6.12,0.99,1
25.832737,33,31.5,6.92,6.12,0.99,1
25.922304,31,31.5,6.92,6.12,0.99,1
25.972378,31,31.5,6.92,6.12,0.99,1
26.013386,34,35.3,7.21,6.74,0.99,1
26.0165,34,35.3,7.21,6.74,0.99,1
26.007668,34,35.3,7.21,6.74,0.99,1
26.022352,34,35.3,7.21,6.74,0.99,1
26.058156,34,35.3,7.21,6.74,0.99,1
26.082873,34,35.3,7.21,6.74,0.99,1
25.721483,34,35.3,7.21,6.74,0.99,1
25.972378,34,35.3,7.21,6.74,0.99,1
25.798917,34,35.3,7.21,6.74,0.99,1
25.832737,34,35.3,7.21,6.74,0.99,1
25.922304,34,35.3,7.21,6.74,0.99,1
25.972378,34,35.3,7.21,6.74,0.99,1
26.022198,28,33,6.96,5.94,0.99,1
25.972652,30,33,6.96,5.94,0.99,1
26.056492,28,34,6.96,5.94,0.99,1
25.726044,30,34,6.96,5.94,0.99,1
25.741846,30,33,6.96,5.94,0.99,1
25.878122,30,33,6.96,5.94,0.99,1
26.013386,22,35.3,7.21,6.74,10,1
26.0165,22,35.3,7.21,6.74,10,1
26.007668,22,35.3,7.21,6.74,0.99,1
26.022352,21,35.3,7.21,6.74,0.99,1
26.058156,21,35.3,7.21,6.74,0.99,1
26.082873,21,35.3,7.21,6.74,0.99,1
25.721483,22,35.3,7.21,6.74,0.99,1
25.972378,22,35.3,7.21,6.74,0.99,1
25.798917,22,35.3,7.21,6.74,0.99,1
25.832737,22,35.3,7.21,6.74,0.99,1
25.922304,22,35.3,7.21,6.74,0.99,1
25.972378,22,35.3,7.21,6.74,0.99,1
26.013386,16,34,7.2,6.08,0.99,1
26.0165,16,32,7.2,6.08,0.99,1
26.007668,16,33,7.2,6.08,0.99,1
26.022352,16,34,7.2,6.08,0.99,1
26.058156,15,34,7.2,6.08,0.99,1
26.082873,15,32,7.2,6.08,0.99,1
25.721483,17,32,7.2,6.08,0.99,1
25.972378,17,34,7.2,6.08,0.99,1
25.798917,17,33,7.2,6.08,0.99,1
25.832737,16,34,7.2,6.08,0.99,1
25.922304,16,34,7.2,6.08,0.99,1
25.972378,16,34,7.2,6.08,0.99,1
26.013386,17,32,7.2,6.08,0.99,1
26.0165,17,34,7.2,6.08,0.99,1
26.007668,17,34,7.2,6.08,0.99,1
26.022352,17,33,7.2,6.08,0.99,1
26.058156,17,34,7.2,6.08,0.99,1
26.082873,17,32,7.2,6.08,0.99,1
25.972378,18,33,7.2,6.08,0.99,1
26.022198,17,33,7.2,6.08,0.99,1
25.972652,17,33,7.2,6.08,0.99,1
26.056492,17,32,7.2,6.08,0.99,1
25.721483,17,34,6.98,7.09,0.99,1
25.972378,17,33,6.98,7.09,0.99,1
25.798917,17,34,6.98,7.09,0.99,1
25.832737,16,34,6.98,7.09,0.99,1
25.922304,16,33,6.98,7.09,0.99,1
25.726044,17,32,7.2,6.08,0.99,1
25.741846,17,31,7.2,6.08,0.99,1
25.878122,17,32,7.2,6.08,0.99,1
26.022198,25,35,7.2,6.08,0.99,1
25.972652,24,33,7.2,6.08,0.99,1
26.056492,26,34,7.2,6.08,0.99,1
25.726044,26,35,7.2,6.08,0.99,1
25.741846,26,34,7.2,6.08,0.99,1
25.878122,27,33,7.2,6.08,0.99,1
